srcNodeId	dstNodeId	status	mimeType	remoteIpAddress	fromServiceWorker
d1d5b89be9a3965b825fd0295ab71c43	61B93F65A13F669D8E148FA1FD08072C_EBAFEF512D1BCE16EDC7F34DF1D3743D	200	text/html	Unknown	False
4fb9f721cd9602953eb246ef435e6de1	61B93F65A13F669D8E148FA1FD08072C_EBAFEF512D1BCE16EDC7F34DF1D3743D	200	text/css	Unknown	False
d8d75d16e9cfe6bc79658c1d83ee7406	61B93F65A13F669D8E148FA1FD08072C_EBAFEF512D1BCE16EDC7F34DF1D3743D	200	text/css	Unknown	False
13030b415682d56b261f88c0f51b655c	61B93F65A13F669D8E148FA1FD08072C_EBAFEF512D1BCE16EDC7F34DF1D3743D	200	text/css	Unknown	False
d2610b2a1ea542304724885ebfc66e56	61B93F65A13F669D8E148FA1FD08072C_EBAFEF512D1BCE16EDC7F34DF1D3743D	200	text/css	Unknown	False
994353aa11f9959f884de4348a57a6f5	61B93F65A13F669D8E148FA1FD08072C_EBAFEF512D1BCE16EDC7F34DF1D3743D	200	image/png	Unknown	False
3dd0883e71d023dc09d01d17071a1d29	61B93F65A13F669D8E148FA1FD08072C_EBAFEF512D1BCE16EDC7F34DF1D3743D	200	text/javascript	Unknown	False
7bb82faaf87bd9a76e80ef3d5e697318	61B93F65A13F669D8E148FA1FD08072C_EBAFEF512D1BCE16EDC7F34DF1D3743D	200	image/svg+xml	Unknown	False
ff67c6c0b7a834a4349963b3a6671305	61B93F65A13F669D8E148FA1FD08072C_EBAFEF512D1BCE16EDC7F34DF1D3743D	200	image/svg+xml	Unknown	False
2b0ffe49f715c06a02b651a41310b177	61B93F65A13F669D8E148FA1FD08072C_EBAFEF512D1BCE16EDC7F34DF1D3743D	200	font/woff2	Unknown	False
d7af728cabb95411e74d25d074d52f7a	61B93F65A13F669D8E148FA1FD08072C_EBAFEF512D1BCE16EDC7F34DF1D3743D	200	font/woff2	Unknown	False
1c5edecd1f6f7c2875c1ea3be8e72b08	61B93F65A13F669D8E148FA1FD08072C_EBAFEF512D1BCE16EDC7F34DF1D3743D	200	font/woff2	Unknown	False
cf5d893d86884fda2edfa2bc4f50119b	61B93F65A13F669D8E148FA1FD08072C_EBAFEF512D1BCE16EDC7F34DF1D3743D	200	text/javascript	Unknown	False
ca9effbefdf14056601083f483ed98c7	61B93F65A13F669D8E148FA1FD08072C_EBAFEF512D1BCE16EDC7F34DF1D3743D	200	text/javascript	Unknown	False
a77885b9aa792edde5df5372f367b6a7	61B93F65A13F669D8E148FA1FD08072C_EBAFEF512D1BCE16EDC7F34DF1D3743D	200	text/javascript	Unknown	False
91c6bce9bc0db2cadda1c63eb2a33c62	61B93F65A13F669D8E148FA1FD08072C_EBAFEF512D1BCE16EDC7F34DF1D3743D	404	text/html	Unknown	False
028edfeacd31835304961d4f93f8a24f	61B93F65A13F669D8E148FA1FD08072C_F3AFE1C79F3DBFD4C59DFCD62021C57A	200	text/html	Unknown	False
4fb9f721cd9602953eb246ef435e6de1	61B93F65A13F669D8E148FA1FD08072C_F3AFE1C79F3DBFD4C59DFCD62021C57A	200	text/css	Unknown	False
d8d75d16e9cfe6bc79658c1d83ee7406	61B93F65A13F669D8E148FA1FD08072C_F3AFE1C79F3DBFD4C59DFCD62021C57A	200	text/css	Unknown	False
13030b415682d56b261f88c0f51b655c	61B93F65A13F669D8E148FA1FD08072C_F3AFE1C79F3DBFD4C59DFCD62021C57A	200	text/css	Unknown	False
d2610b2a1ea542304724885ebfc66e56	61B93F65A13F669D8E148FA1FD08072C_F3AFE1C79F3DBFD4C59DFCD62021C57A	200	text/css	Unknown	False
994353aa11f9959f884de4348a57a6f5	61B93F65A13F669D8E148FA1FD08072C_F3AFE1C79F3DBFD4C59DFCD62021C57A	200	image/png	Unknown	False
cf5d893d86884fda2edfa2bc4f50119b	61B93F65A13F669D8E148FA1FD08072C_F3AFE1C79F3DBFD4C59DFCD62021C57A	200	text/javascript	Unknown	False
3dd0883e71d023dc09d01d17071a1d29	61B93F65A13F669D8E148FA1FD08072C_F3AFE1C79F3DBFD4C59DFCD62021C57A	200	text/javascript	Unknown	False
cd7e48e87f1e40b9df3fd18a30ed75be	61B93F65A13F669D8E148FA1FD08072C_F3AFE1C79F3DBFD4C59DFCD62021C57A	200	image/jpeg	Unknown	False
ca9effbefdf14056601083f483ed98c7	61B93F65A13F669D8E148FA1FD08072C_F3AFE1C79F3DBFD4C59DFCD62021C57A	200	text/javascript	Unknown	False
a77885b9aa792edde5df5372f367b6a7	61B93F65A13F669D8E148FA1FD08072C_F3AFE1C79F3DBFD4C59DFCD62021C57A	200	text/javascript	Unknown	False
2b0ffe49f715c06a02b651a41310b177	61B93F65A13F669D8E148FA1FD08072C_F3AFE1C79F3DBFD4C59DFCD62021C57A	200	font/woff2	Unknown	False
1c5edecd1f6f7c2875c1ea3be8e72b08	61B93F65A13F669D8E148FA1FD08072C_F3AFE1C79F3DBFD4C59DFCD62021C57A	200	font/woff2	Unknown	False
d7af728cabb95411e74d25d074d52f7a	61B93F65A13F669D8E148FA1FD08072C_F3AFE1C79F3DBFD4C59DFCD62021C57A	200	font/woff2	Unknown	False
7bb82faaf87bd9a76e80ef3d5e697318	61B93F65A13F669D8E148FA1FD08072C_F3AFE1C79F3DBFD4C59DFCD62021C57A	200	image/svg+xml	Unknown	False
b457a3e9e4955f96f52b28fa88b051ea	61B93F65A13F669D8E148FA1FD08072C_F3AFE1C79F3DBFD4C59DFCD62021C57A	200	image/jpeg	Unknown	False
e823966d7e31acf59ee69470e1a9732a	61B93F65A13F669D8E148FA1FD08072C_F3AFE1C79F3DBFD4C59DFCD62021C57A	200	image/jpeg	Unknown	False
b28d0f72408f5332b50113697dd2941d	61B93F65A13F669D8E148FA1FD08072C_F3AFE1C79F3DBFD4C59DFCD62021C57A	200	font/woff2	Unknown	False
ea232d1bbe84102709c29cac48728b59	61B93F65A13F669D8E148FA1FD08072C_F3AFE1C79F3DBFD4C59DFCD62021C57A	200	font/woff2	Unknown	False
d1d5b89be9a3965b825fd0295ab71c43	61B93F65A13F669D8E148FA1FD08072C_DFCD2857BF5C3255C57CF1B83FC0F4DE	200	text/html	Unknown	False
4fb9f721cd9602953eb246ef435e6de1	61B93F65A13F669D8E148FA1FD08072C_DFCD2857BF5C3255C57CF1B83FC0F4DE	200	text/css	Unknown	False
d8d75d16e9cfe6bc79658c1d83ee7406	61B93F65A13F669D8E148FA1FD08072C_DFCD2857BF5C3255C57CF1B83FC0F4DE	200	text/css	Unknown	False
13030b415682d56b261f88c0f51b655c	61B93F65A13F669D8E148FA1FD08072C_DFCD2857BF5C3255C57CF1B83FC0F4DE	200	text/css	Unknown	False
d2610b2a1ea542304724885ebfc66e56	61B93F65A13F669D8E148FA1FD08072C_DFCD2857BF5C3255C57CF1B83FC0F4DE	200	text/css	Unknown	False
994353aa11f9959f884de4348a57a6f5	61B93F65A13F669D8E148FA1FD08072C_DFCD2857BF5C3255C57CF1B83FC0F4DE	200	image/png	Unknown	False
b28d0f72408f5332b50113697dd2941d	61B93F65A13F669D8E148FA1FD08072C_DFCD2857BF5C3255C57CF1B83FC0F4DE	200	font/woff2	Unknown	False
2b0ffe49f715c06a02b651a41310b177	61B93F65A13F669D8E148FA1FD08072C_DFCD2857BF5C3255C57CF1B83FC0F4DE	200	font/woff2	Unknown	False
1c5edecd1f6f7c2875c1ea3be8e72b08	61B93F65A13F669D8E148FA1FD08072C_DFCD2857BF5C3255C57CF1B83FC0F4DE	200	font/woff2	Unknown	False
ea232d1bbe84102709c29cac48728b59	61B93F65A13F669D8E148FA1FD08072C_DFCD2857BF5C3255C57CF1B83FC0F4DE	200	font/woff2	Unknown	False
d7af728cabb95411e74d25d074d52f7a	61B93F65A13F669D8E148FA1FD08072C_DFCD2857BF5C3255C57CF1B83FC0F4DE	200	font/woff2	Unknown	False
7bb82faaf87bd9a76e80ef3d5e697318	61B93F65A13F669D8E148FA1FD08072C_DFCD2857BF5C3255C57CF1B83FC0F4DE	200	image/svg+xml	Unknown	False
ff67c6c0b7a834a4349963b3a6671305	61B93F65A13F669D8E148FA1FD08072C_DFCD2857BF5C3255C57CF1B83FC0F4DE	200	image/svg+xml	Unknown	False
cf5d893d86884fda2edfa2bc4f50119b	61B93F65A13F669D8E148FA1FD08072C_DFCD2857BF5C3255C57CF1B83FC0F4DE	200	text/javascript	Unknown	False
3dd0883e71d023dc09d01d17071a1d29	61B93F65A13F669D8E148FA1FD08072C_DFCD2857BF5C3255C57CF1B83FC0F4DE	200	text/javascript	Unknown	False
ca9effbefdf14056601083f483ed98c7	61B93F65A13F669D8E148FA1FD08072C_DFCD2857BF5C3255C57CF1B83FC0F4DE	200	text/javascript	Unknown	False
a77885b9aa792edde5df5372f367b6a7	61B93F65A13F669D8E148FA1FD08072C_DFCD2857BF5C3255C57CF1B83FC0F4DE	200	text/javascript	Unknown	False
028edfeacd31835304961d4f93f8a24f	61B93F65A13F669D8E148FA1FD08072C_719BC757CD2655D9D82544E81B5B6EA2	200	text/html	Unknown	False
4fb9f721cd9602953eb246ef435e6de1	61B93F65A13F669D8E148FA1FD08072C_719BC757CD2655D9D82544E81B5B6EA2	200	text/css	Unknown	False
d8d75d16e9cfe6bc79658c1d83ee7406	61B93F65A13F669D8E148FA1FD08072C_719BC757CD2655D9D82544E81B5B6EA2	200	text/css	Unknown	False
13030b415682d56b261f88c0f51b655c	61B93F65A13F669D8E148FA1FD08072C_719BC757CD2655D9D82544E81B5B6EA2	200	text/css	Unknown	False
d2610b2a1ea542304724885ebfc66e56	61B93F65A13F669D8E148FA1FD08072C_719BC757CD2655D9D82544E81B5B6EA2	200	text/css	Unknown	False
994353aa11f9959f884de4348a57a6f5	61B93F65A13F669D8E148FA1FD08072C_719BC757CD2655D9D82544E81B5B6EA2	200	image/png	Unknown	False
cd7e48e87f1e40b9df3fd18a30ed75be	61B93F65A13F669D8E148FA1FD08072C_719BC757CD2655D9D82544E81B5B6EA2	200	image/jpeg	Unknown	False
b457a3e9e4955f96f52b28fa88b051ea	61B93F65A13F669D8E148FA1FD08072C_719BC757CD2655D9D82544E81B5B6EA2	200	image/jpeg	Unknown	False
e823966d7e31acf59ee69470e1a9732a	61B93F65A13F669D8E148FA1FD08072C_719BC757CD2655D9D82544E81B5B6EA2	200	image/jpeg	Unknown	False
cf5d893d86884fda2edfa2bc4f50119b	61B93F65A13F669D8E148FA1FD08072C_719BC757CD2655D9D82544E81B5B6EA2	200	text/javascript	Unknown	False
3dd0883e71d023dc09d01d17071a1d29	61B93F65A13F669D8E148FA1FD08072C_719BC757CD2655D9D82544E81B5B6EA2	200	text/javascript	Unknown	False
b28d0f72408f5332b50113697dd2941d	61B93F65A13F669D8E148FA1FD08072C_719BC757CD2655D9D82544E81B5B6EA2	200	font/woff2	Unknown	False
2b0ffe49f715c06a02b651a41310b177	61B93F65A13F669D8E148FA1FD08072C_719BC757CD2655D9D82544E81B5B6EA2	200	font/woff2	Unknown	False
1c5edecd1f6f7c2875c1ea3be8e72b08	61B93F65A13F669D8E148FA1FD08072C_719BC757CD2655D9D82544E81B5B6EA2	200	font/woff2	Unknown	False
ea232d1bbe84102709c29cac48728b59	61B93F65A13F669D8E148FA1FD08072C_719BC757CD2655D9D82544E81B5B6EA2	200	font/woff2	Unknown	False
d7af728cabb95411e74d25d074d52f7a	61B93F65A13F669D8E148FA1FD08072C_719BC757CD2655D9D82544E81B5B6EA2	200	font/woff2	Unknown	False
7bb82faaf87bd9a76e80ef3d5e697318	61B93F65A13F669D8E148FA1FD08072C_719BC757CD2655D9D82544E81B5B6EA2	200	image/svg+xml	Unknown	False
ca9effbefdf14056601083f483ed98c7	61B93F65A13F669D8E148FA1FD08072C_719BC757CD2655D9D82544E81B5B6EA2	200	text/javascript	Unknown	False
a77885b9aa792edde5df5372f367b6a7	61B93F65A13F669D8E148FA1FD08072C_719BC757CD2655D9D82544E81B5B6EA2	200	text/javascript	Unknown	False
