{"class_name": "Functional", "config": {"name": "model", "layers": [{"class_name": "InputLayer", "config": {"batch_input_shape": [null, 51], "dtype": "float32", "sparse": false, "ragged": false, "name": "input_1"}, "name": "input_1", "inbound_nodes": []}, {"class_name": "Embedding", "config": {"name": "embedding", "trainable": true, "dtype": "float32", "batch_input_shape": [null, 51], "input_dim": 5039, "output_dim": 256, "embeddings_initializer": {"class_name": "RandomUniform", "config": {"minval": -0.05, "maxval": 0.05, "seed": null}}, "embeddings_regularizer": null, "activity_regularizer": null, "embeddings_constraint": null, "mask_zero": false, "input_length": 51}, "name": "embedding", "inbound_nodes": [[["input_1", 0, 0, {}]]]}, {"class_name": "Conv1D", "config": {"name": "conv1d", "trainable": true, "dtype": "float32", "filters": 64, "kernel_size": [3], "strides": [1], "padding": "valid", "data_format": "channels_last", "dilation_rate": [1], "groups": 1, "activation": "relu", "use_bias": true, "kernel_initializer": {"class_name": "GlorotUniform", "config": {"seed": null}}, "bias_initializer": {"class_name": "Zeros", "config": {}}, "kernel_regularizer": null, "bias_regularizer": null, "activity_regularizer": null, "kernel_constraint": null, "bias_constraint": null}, "name": "conv1d", "inbound_nodes": [[["embedding", 0, 0, {}]]]}, {"class_name": "Conv1D", "config": {"name": "conv1d_1", "trainable": true, "dtype": "float32", "filters": 64, "kernel_size": [3], "strides": [1], "padding": "valid", "data_format": "channels_last", "dilation_rate": [1], "groups": 1, "activation": "sigmoid", "use_bias": true, "kernel_initializer": {"class_name": "GlorotUniform", "config": {"seed": null}}, "bias_initializer": {"class_name": "Zeros", "config": {}}, "kernel_regularizer": null, "bias_regularizer": null, "activity_regularizer": null, "kernel_constraint": null, "bias_constraint": null}, "name": "conv1d_1", "inbound_nodes": [[["embedding", 0, 0, {}]]]}, {"class_name": "Multiply", "config": {"name": "multiply", "trainable": true, "dtype": "float32"}, "name": "multiply", "inbound_nodes": [[["conv1d", 0, 0, {}], ["conv1d_1", 0, 0, {}]]]}, {"class_name": "Dropout", "config": {"name": "dropout", "trainable": true, "dtype": "float32", "rate": 0.5, "noise_shape": null, "seed": null}, "name": "dropout", "inbound_nodes": [[["multiply", 0, 0, {}]]]}, {"class_name": "GlobalMaxPooling1D", "config": {"name": "global_max_pooling1d", "trainable": true, "dtype": "float32", "data_format": "channels_last", "keepdims": false}, "name": "global_max_pooling1d", "inbound_nodes": [[["dropout", 0, 0, {}]]]}, {"class_name": "Dense", "config": {"name": "dense", "trainable": true, "dtype": "float32", "units": 128, "activation": "relu", "use_bias": true, "kernel_initializer": {"class_name": "GlorotUniform", "config": {"seed": null}}, "bias_initializer": {"class_name": "Zeros", "config": {}}, "kernel_regularizer": null, "bias_regularizer": null, "activity_regularizer": null, "kernel_constraint": null, "bias_constraint": null}, "name": "dense", "inbound_nodes": [[["global_max_pooling1d", 0, 0, {}]]]}, {"class_name": "Dense", "config": {"name": "dense_1", "trainable": true, "dtype": "float32", "units": 6, "activation": "sigmoid", "use_bias": true, "kernel_initializer": {"class_name": "GlorotUniform", "config": {"seed": null}}, "bias_initializer": {"class_name": "Zeros", "config": {}}, "kernel_regularizer": null, "bias_regularizer": null, "activity_regularizer": null, "kernel_constraint": null, "bias_constraint": null}, "name": "dense_1", "inbound_nodes": [[["dense", 0, 0, {}]]]}], "input_layers": [["input_1", 0, 0]], "output_layers": [["dense_1", 0, 0]]}, "keras_version": "2.11.0", "backend": "tensorflow"}