Hash,Label,Prediction,Count
0043b78a57d4f9f72d623a1e5ca3feb467804fb545463f0014e0f4748213cf4a,benign,4shared,3
0043b78a57d4f9f72d623a1e5ca3feb467804fb545463f0014e0f4748213cf4a,benign,benign,2
004b173e7e3a33aa29955fae1642c4c196f8aa2573b881e63a2abe3c05962baf,benign,benign,11
004b173e7e3a33aa29955fae1642c4c196f8aa2573b881e63a2abe3c05962baf,benign,4shared,3
0045fb2d724cefda00e5d747d3a207be78087059e6442d78910af0f675a66965,benign,benign,8
0045fb2d724cefda00e5d747d3a207be78087059e6442d78910af0f675a66965,benign,4shared,3
0045fb2d724cefda00e5d747d3a207be78087059e6442d78910af0f675a66965,benign,zegost,1
0048d548fd4d21e7141984bb58b560110afab60651ffbe3f80bd084f792fe9ca,benign,4shared,24
0048d548fd4d21e7141984bb58b560110afab60651ffbe3f80bd084f792fe9ca,benign,benign,2
1938788617260d497fe42b1a6c0a98bbfbf67fb37b8f0dc89231bdef99d55671,rbot,rbot,32
1938788617260d497fe42b1a6c0a98bbfbf67fb37b8f0dc89231bdef99d55671,rbot,4shared,12
1938788617260d497fe42b1a6c0a98bbfbf67fb37b8f0dc89231bdef99d55671,rbot,benign,5
1e8bdf816948c5f5392c65b2403db63dc7e59312e6fca6a2b7de484b39777d86,rbot,rbot,41
1e8bdf816948c5f5392c65b2403db63dc7e59312e6fca6a2b7de484b39777d86,rbot,4shared,7
1e8bdf816948c5f5392c65b2403db63dc7e59312e6fca6a2b7de484b39777d86,rbot,benign,1
1dc672385d95c4586c91d19085ddc7cdf5538e8af9927ac0d98f68022c7487f5,rbot,rbot,35
1dc672385d95c4586c91d19085ddc7cdf5538e8af9927ac0d98f68022c7487f5,rbot,4shared,9
1dc672385d95c4586c91d19085ddc7cdf5538e8af9927ac0d98f68022c7487f5,rbot,benign,5
004c8d6016a503c8c51f2894397a1d949a7d7a6da5649bc140db6b51c9408ecf,benign,benign,30
004c8d6016a503c8c51f2894397a1d949a7d7a6da5649bc140db6b51c9408ecf,benign,rbot,7
004c8d6016a503c8c51f2894397a1d949a7d7a6da5649bc140db6b51c9408ecf,benign,4shared,6
004c8d6016a503c8c51f2894397a1d949a7d7a6da5649bc140db6b51c9408ecf,benign,zegost,1
1a04526b73abd7ffb26353fd395c451db1a9d44afb41f8c456f2aa44637b85fa,rbot,rbot,36
1a04526b73abd7ffb26353fd395c451db1a9d44afb41f8c456f2aa44637b85fa,rbot,4shared,8
1a04526b73abd7ffb26353fd395c451db1a9d44afb41f8c456f2aa44637b85fa,rbot,benign,5
18fffb5073e794c5518ca8963e477cd7c700bff5dfecaa875cc596303dcee0a1,rbot,rbot,40
18fffb5073e794c5518ca8963e477cd7c700bff5dfecaa875cc596303dcee0a1,rbot,4shared,6
18fffb5073e794c5518ca8963e477cd7c700bff5dfecaa875cc596303dcee0a1,rbot,benign,3
1ad3b31a5870ccc7e6e7611e794b251099d81dc05dd95745015b32ba1ac46c1a,rbot,rbot,39
1ad3b31a5870ccc7e6e7611e794b251099d81dc05dd95745015b32ba1ac46c1a,rbot,4shared,5
1ad3b31a5870ccc7e6e7611e794b251099d81dc05dd95745015b32ba1ac46c1a,rbot,benign,5
1c4a6c8a6f7d5387f1a756cfe7bbfc599b2883174a29b670e059200f6d2d7abc,rbot,rbot,37
1c4a6c8a6f7d5387f1a756cfe7bbfc599b2883174a29b670e059200f6d2d7abc,rbot,4shared,6
1c4a6c8a6f7d5387f1a756cfe7bbfc599b2883174a29b670e059200f6d2d7abc,rbot,benign,6
1c1d90d732a1ddd1b56476d8e449fe0668a2913bcca55212e991df3ac9de1747,zegost,zegost,30
1c1d90d732a1ddd1b56476d8e449fe0668a2913bcca55212e991df3ac9de1747,zegost,4shared,10
1c1d90d732a1ddd1b56476d8e449fe0668a2913bcca55212e991df3ac9de1747,zegost,benign,3
1d380f51ce5a879975f694afe35e5190964f85f04b866b8c1e9d7049a5691226,rbot,rbot,38
1d380f51ce5a879975f694afe35e5190964f85f04b866b8c1e9d7049a5691226,rbot,4shared,8
1d380f51ce5a879975f694afe35e5190964f85f04b866b8c1e9d7049a5691226,rbot,benign,4
1f0be74a506019960913e0e2cba57c9d6dc80b4eb9bb9c02ca08993587b75cc5,zegost,zegost,28
1f0be74a506019960913e0e2cba57c9d6dc80b4eb9bb9c02ca08993587b75cc5,zegost,4shared,10
1f0be74a506019960913e0e2cba57c9d6dc80b4eb9bb9c02ca08993587b75cc5,zegost,bladabindi,1
18c2d9305d5ac26ed5d46eb14693c7d8f1d85e446af45504120551d8e4588f14,rbot,rbot,41
18c2d9305d5ac26ed5d46eb14693c7d8f1d85e446af45504120551d8e4588f14,rbot,4shared,6
18c2d9305d5ac26ed5d46eb14693c7d8f1d85e446af45504120551d8e4588f14,rbot,benign,2
200a14585e21d4ac0569eee75052c2a55a1b910534e82230f3c341d2da730b41,zegost,zegost,28
200a14585e21d4ac0569eee75052c2a55a1b910534e82230f3c341d2da730b41,zegost,4shared,14
200a14585e21d4ac0569eee75052c2a55a1b910534e82230f3c341d2da730b41,zegost,benign,1
1f354487512233fc8c63eb76a3640ad963223e3ad32751b6f924bc53ff281ee5,zegost,zegost,27
1f354487512233fc8c63eb76a3640ad963223e3ad32751b6f924bc53ff281ee5,zegost,4shared,10
1f354487512233fc8c63eb76a3640ad963223e3ad32751b6f924bc53ff281ee5,zegost,rbot,9
1f354487512233fc8c63eb76a3640ad963223e3ad32751b6f924bc53ff281ee5,zegost,benign,2
1d9ecff395f5c87bb21c1c3f9ec698ef2016c47a6c7d3471630a6415e0c71c04,zegost,zegost,30
1d9ecff395f5c87bb21c1c3f9ec698ef2016c47a6c7d3471630a6415e0c71c04,zegost,4shared,14
204dba3620c25f6f77caaee9e928edccdc579a6322f7ce32b95855b5cf887fbe,zegost,zegost,27
204dba3620c25f6f77caaee9e928edccdc579a6322f7ce32b95855b5cf887fbe,zegost,4shared,11
204dba3620c25f6f77caaee9e928edccdc579a6322f7ce32b95855b5cf887fbe,zegost,rbot,8
204dba3620c25f6f77caaee9e928edccdc579a6322f7ce32b95855b5cf887fbe,zegost,benign,2
1c4bc89b568b0c5f4677644bbc3b555d1a5eee4951c3b629b6e14700b963bd60,rbot,rbot,40
1c4bc89b568b0c5f4677644bbc3b555d1a5eee4951c3b629b6e14700b963bd60,rbot,benign,5
1c4bc89b568b0c5f4677644bbc3b555d1a5eee4951c3b629b6e14700b963bd60,rbot,4shared,4
1d688883b6e1b8d15ec37ec2684209413e013a48a464851fcc58dec103a1631f,zegost,zegost,43
1d688883b6e1b8d15ec37ec2684209413e013a48a464851fcc58dec103a1631f,zegost,rbot,6
1d688883b6e1b8d15ec37ec2684209413e013a48a464851fcc58dec103a1631f,zegost,4shared,3
1d688883b6e1b8d15ec37ec2684209413e013a48a464851fcc58dec103a1631f,zegost,benign,1
202b8da4deffe96cfdbffa1a68040a46676f4804520f6def9913bdf7553f7e52,zegost,zegost,25
202b8da4deffe96cfdbffa1a68040a46676f4804520f6def9913bdf7553f7e52,zegost,4shared,8
202b8da4deffe96cfdbffa1a68040a46676f4804520f6def9913bdf7553f7e52,zegost,benign,1
0042b14e5004bc06122e78a4a86b9ee7c16f240f5cf6157e373e62ec8a099fed,benign,benign,108
0042b14e5004bc06122e78a4a86b9ee7c16f240f5cf6157e373e62ec8a099fed,benign,4shared,59
0042b14e5004bc06122e78a4a86b9ee7c16f240f5cf6157e373e62ec8a099fed,benign,rbot,1
0042b14e5004bc06122e78a4a86b9ee7c16f240f5cf6157e373e62ec8a099fed,benign,zegost,1
2081708cbab2ba9311645c03e66e24eb8e3356a71a39474553ef4d5f5c7471e5,zegost,zegost,37
2081708cbab2ba9311645c03e66e24eb8e3356a71a39474553ef4d5f5c7471e5,zegost,4shared,14
2081708cbab2ba9311645c03e66e24eb8e3356a71a39474553ef4d5f5c7471e5,zegost,rbot,9
2081708cbab2ba9311645c03e66e24eb8e3356a71a39474553ef4d5f5c7471e5,zegost,benign,6
1cdf4ff256829c7f65f92b38cd58495a9ac41fa3c2750ac0acabff7ebfa70172,zegost,4shared,55
1cdf4ff256829c7f65f92b38cd58495a9ac41fa3c2750ac0acabff7ebfa70172,zegost,zegost,43
1cdf4ff256829c7f65f92b38cd58495a9ac41fa3c2750ac0acabff7ebfa70172,zegost,benign,23
1cdf4ff256829c7f65f92b38cd58495a9ac41fa3c2750ac0acabff7ebfa70172,zegost,bladabindi,14
1cdf4ff256829c7f65f92b38cd58495a9ac41fa3c2750ac0acabff7ebfa70172,zegost,rbot,7
4be69aee8487960863d4243b8a87c756979ede2a64a72b005a7710286defde3b,4shared,4shared,99
4be69aee8487960863d4243b8a87c756979ede2a64a72b005a7710286defde3b,4shared,benign,3
4be69aee8487960863d4243b8a87c756979ede2a64a72b005a7710286defde3b,4shared,rbot,2
4be69aee8487960863d4243b8a87c756979ede2a64a72b005a7710286defde3b,4shared,bladabindi,2
4be69aee8487960863d4243b8a87c756979ede2a64a72b005a7710286defde3b,4shared,zegost,1
49a71cba1d6b74bb076b8b04435ae54715802b4c43edce6169554ba053bd1c67,4shared,4shared,135
49a71cba1d6b74bb076b8b04435ae54715802b4c43edce6169554ba053bd1c67,4shared,benign,6
49a71cba1d6b74bb076b8b04435ae54715802b4c43edce6169554ba053bd1c67,4shared,bladabindi,1
49a71cba1d6b74bb076b8b04435ae54715802b4c43edce6169554ba053bd1c67,4shared,zegost,1
00456962e810b8c575ddef6d891f7235ff295d4768cb04f6b791f470f922f9ca,benign,4shared,151
00456962e810b8c575ddef6d891f7235ff295d4768cb04f6b791f470f922f9ca,benign,benign,134
00456962e810b8c575ddef6d891f7235ff295d4768cb04f6b791f470f922f9ca,benign,rbot,2
00456962e810b8c575ddef6d891f7235ff295d4768cb04f6b791f470f922f9ca,benign,bladabindi,1
51d71b0c19fad004cdb6e56d503880eb65884e62df22e9731f9bc5bef6c2837f,4shared,benign,105
51d71b0c19fad004cdb6e56d503880eb65884e62df22e9731f9bc5bef6c2837f,4shared,4shared,94
51d71b0c19fad004cdb6e56d503880eb65884e62df22e9731f9bc5bef6c2837f,4shared,rbot,2
51d71b0c19fad004cdb6e56d503880eb65884e62df22e9731f9bc5bef6c2837f,4shared,zegost,1
0041488e4e37700706750e4c60f37c5126ef00f71e8eae7bd8c90db0d35e00f0,benign,benign,271
0041488e4e37700706750e4c60f37c5126ef00f71e8eae7bd8c90db0d35e00f0,benign,4shared,111
0041488e4e37700706750e4c60f37c5126ef00f71e8eae7bd8c90db0d35e00f0,benign,rbot,13
0041488e4e37700706750e4c60f37c5126ef00f71e8eae7bd8c90db0d35e00f0,benign,bladabindi,5
0000679e51c025668529bb0ae5ad8a9aaecb0112464fc76df2f1c24f28534812,benign,benign,26
0000679e51c025668529bb0ae5ad8a9aaecb0112464fc76df2f1c24f28534812,benign,4shared,1
4e47048007ea4cf4fe346adb32e3d8534060459aeeb76211d3805b4c7fd8dcd4,4shared,4shared,300
4e47048007ea4cf4fe346adb32e3d8534060459aeeb76211d3805b4c7fd8dcd4,4shared,benign,43
4e47048007ea4cf4fe346adb32e3d8534060459aeeb76211d3805b4c7fd8dcd4,4shared,bladabindi,5
4e47048007ea4cf4fe346adb32e3d8534060459aeeb76211d3805b4c7fd8dcd4,4shared,rbot,5
5648c87585ecbc2da0f27ad8938ecafd755ae37b99151ac21cf57c3110ff290f,4shared,4shared,118
5648c87585ecbc2da0f27ad8938ecafd755ae37b99151ac21cf57c3110ff290f,4shared,benign,112
5648c87585ecbc2da0f27ad8938ecafd755ae37b99151ac21cf57c3110ff290f,4shared,rbot,4
5648c87585ecbc2da0f27ad8938ecafd755ae37b99151ac21cf57c3110ff290f,4shared,bladabindi,2
003fc78499645d7ba80188e266bb5f995115bc63fa6e3265f4696cd0a4746fc3,benign,benign,299
003fc78499645d7ba80188e266bb5f995115bc63fa6e3265f4696cd0a4746fc3,benign,4shared,156
003fc78499645d7ba80188e266bb5f995115bc63fa6e3265f4696cd0a4746fc3,benign,bladabindi,23
003fc78499645d7ba80188e266bb5f995115bc63fa6e3265f4696cd0a4746fc3,benign,rbot,7
003fc78499645d7ba80188e266bb5f995115bc63fa6e3265f4696cd0a4746fc3,benign,zegost,1
0001f7326692971a4184cbaca1a0ccd3e10ae921dc45a0ef04a0c87889017d94,benign,benign,65
0001f7326692971a4184cbaca1a0ccd3e10ae921dc45a0ef04a0c87889017d94,benign,4shared,41
0001f7326692971a4184cbaca1a0ccd3e10ae921dc45a0ef04a0c87889017d94,benign,zegost,1
5809e43ccc518e3e6364f692682ea1846b0369c14b4a54954e278ed438bb0f96,4shared,4shared,313
5809e43ccc518e3e6364f692682ea1846b0369c14b4a54954e278ed438bb0f96,4shared,benign,29
5809e43ccc518e3e6364f692682ea1846b0369c14b4a54954e278ed438bb0f96,4shared,bladabindi,7
5809e43ccc518e3e6364f692682ea1846b0369c14b4a54954e278ed438bb0f96,4shared,rbot,3
5b9fd386388871161915a97ff712b0946fa8f12794ba809e7d2fc90f54959be1,4shared,4shared,244
5b9fd386388871161915a97ff712b0946fa8f12794ba809e7d2fc90f54959be1,4shared,benign,32
5b9fd386388871161915a97ff712b0946fa8f12794ba809e7d2fc90f54959be1,4shared,rbot,5
5b9fd386388871161915a97ff712b0946fa8f12794ba809e7d2fc90f54959be1,4shared,bladabindi,1
000624dc987a1241d51771ab1a9386cef944fc5b14df5f8b53dc739318bfcba0,benign,benign,75
000624dc987a1241d51771ab1a9386cef944fc5b14df5f8b53dc739318bfcba0,benign,4shared,68
294afc0ad0205e1ce49d7ef23fa4865c469a5f64e43f12643e5b03535908b3cb,bladabindi,bladabindi,988
294afc0ad0205e1ce49d7ef23fa4865c469a5f64e43f12643e5b03535908b3cb,bladabindi,4shared,65
294afc0ad0205e1ce49d7ef23fa4865c469a5f64e43f12643e5b03535908b3cb,bladabindi,benign,4
0005c903d9239f3a7877724b09b2cf2ecec99e895eb00dc5fa6107589ef6c0c2,benign,4shared,166
0005c903d9239f3a7877724b09b2cf2ecec99e895eb00dc5fa6107589ef6c0c2,benign,benign,106
0005c903d9239f3a7877724b09b2cf2ecec99e895eb00dc5fa6107589ef6c0c2,benign,bladabindi,2
0005c903d9239f3a7877724b09b2cf2ecec99e895eb00dc5fa6107589ef6c0c2,benign,rbot,2
0005c903d9239f3a7877724b09b2cf2ecec99e895eb00dc5fa6107589ef6c0c2,benign,zegost,1
00106e9e56d7e41fd33f2b92312f147e9578d9e94568bcbfed9d4025c46f5371,benign,benign,35
00106e9e56d7e41fd33f2b92312f147e9578d9e94568bcbfed9d4025c46f5371,benign,4shared,28
00106e9e56d7e41fd33f2b92312f147e9578d9e94568bcbfed9d4025c46f5371,benign,bladabindi,2
2baeb4bb8d6e0fd71c26d9855221b489275c6c65c14f65d4302fff38743cff67,bladabindi,bladabindi,851
2baeb4bb8d6e0fd71c26d9855221b489275c6c65c14f65d4302fff38743cff67,bladabindi,4shared,62
2baeb4bb8d6e0fd71c26d9855221b489275c6c65c14f65d4302fff38743cff67,bladabindi,benign,2
2baeb4bb8d6e0fd71c26d9855221b489275c6c65c14f65d4302fff38743cff67,bladabindi,rbot,1
2baeb4bb8d6e0fd71c26d9855221b489275c6c65c14f65d4302fff38743cff67,bladabindi,zegost,1
001133eec70e04b6727c4b39a3aca5a451fab867ece1f2c84cb92d06c5fee563,benign,benign,10
001133eec70e04b6727c4b39a3aca5a451fab867ece1f2c84cb92d06c5fee563,benign,4shared,4
001133eec70e04b6727c4b39a3aca5a451fab867ece1f2c84cb92d06c5fee563,benign,zegost,1
000b79d575618e1929ba5aedb32c04eb97ff7bde91c5b80c62f38a0e3c1176d8,benign,benign,141
000b79d575618e1929ba5aedb32c04eb97ff7bde91c5b80c62f38a0e3c1176d8,benign,4shared,107
000b79d575618e1929ba5aedb32c04eb97ff7bde91c5b80c62f38a0e3c1176d8,benign,rbot,21
00153cbdba1195e4f497a29e416a2056409d2eba536d5071144551ca5c87142c,benign,benign,7
00153cbdba1195e4f497a29e416a2056409d2eba536d5071144551ca5c87142c,benign,4shared,5
00153cbdba1195e4f497a29e416a2056409d2eba536d5071144551ca5c87142c,benign,bladabindi,1
48682786267ee4f39e1a3e260ae1e9401c8c4f19c085543c5170732f7a389225,4shared,4shared,906
48682786267ee4f39e1a3e260ae1e9401c8c4f19c085543c5170732f7a389225,4shared,benign,22
48682786267ee4f39e1a3e260ae1e9401c8c4f19c085543c5170732f7a389225,4shared,bladabindi,7
48682786267ee4f39e1a3e260ae1e9401c8c4f19c085543c5170732f7a389225,4shared,rbot,5
001991f76201e433bd8e1b489cdc11c92aeb4eb9192a7269c1af367a6b329c41,benign,rbot,2
001991f76201e433bd8e1b489cdc11c92aeb4eb9192a7269c1af367a6b329c41,benign,zegost,1
