Hash,Label,Prediction,Count
0043b78a57d4f9f72d623a1e5ca3feb467804fb545463f0014e0f4748213cf4a,benign,4shared,4
0043b78a57d4f9f72d623a1e5ca3feb467804fb545463f0014e0f4748213cf4a,benign,benign,1
004b173e7e3a33aa29955fae1642c4c196f8aa2573b881e63a2abe3c05962baf,benign,4shared,10
004b173e7e3a33aa29955fae1642c4c196f8aa2573b881e63a2abe3c05962baf,benign,benign,4
0045fb2d724cefda00e5d747d3a207be78087059e6442d78910af0f675a66965,benign,benign,7
0045fb2d724cefda00e5d747d3a207be78087059e6442d78910af0f675a66965,benign,4shared,5
0048d548fd4d21e7141984bb58b560110afab60651ffbe3f80bd084f792fe9ca,benign,4shared,20
0048d548fd4d21e7141984bb58b560110afab60651ffbe3f80bd084f792fe9ca,benign,benign,6
1938788617260d497fe42b1a6c0a98bbfbf67fb37b8f0dc89231bdef99d55671,rbot,4shared,35
1938788617260d497fe42b1a6c0a98bbfbf67fb37b8f0dc89231bdef99d55671,rbot,benign,7
1938788617260d497fe42b1a6c0a98bbfbf67fb37b8f0dc89231bdef99d55671,rbot,bladabindi,7
1e8bdf816948c5f5392c65b2403db63dc7e59312e6fca6a2b7de484b39777d86,rbot,4shared,32
1e8bdf816948c5f5392c65b2403db63dc7e59312e6fca6a2b7de484b39777d86,rbot,benign,9
1e8bdf816948c5f5392c65b2403db63dc7e59312e6fca6a2b7de484b39777d86,rbot,bladabindi,8
1dc672385d95c4586c91d19085ddc7cdf5538e8af9927ac0d98f68022c7487f5,rbot,4shared,32
1dc672385d95c4586c91d19085ddc7cdf5538e8af9927ac0d98f68022c7487f5,rbot,benign,9
1dc672385d95c4586c91d19085ddc7cdf5538e8af9927ac0d98f68022c7487f5,rbot,bladabindi,8
004c8d6016a503c8c51f2894397a1d949a7d7a6da5649bc140db6b51c9408ecf,benign,benign,25
004c8d6016a503c8c51f2894397a1d949a7d7a6da5649bc140db6b51c9408ecf,benign,4shared,19
1a04526b73abd7ffb26353fd395c451db1a9d44afb41f8c456f2aa44637b85fa,rbot,4shared,33
1a04526b73abd7ffb26353fd395c451db1a9d44afb41f8c456f2aa44637b85fa,rbot,benign,9
1a04526b73abd7ffb26353fd395c451db1a9d44afb41f8c456f2aa44637b85fa,rbot,bladabindi,7
18fffb5073e794c5518ca8963e477cd7c700bff5dfecaa875cc596303dcee0a1,rbot,4shared,35
18fffb5073e794c5518ca8963e477cd7c700bff5dfecaa875cc596303dcee0a1,rbot,bladabindi,8
18fffb5073e794c5518ca8963e477cd7c700bff5dfecaa875cc596303dcee0a1,rbot,benign,6
1ad3b31a5870ccc7e6e7611e794b251099d81dc05dd95745015b32ba1ac46c1a,rbot,4shared,35
1ad3b31a5870ccc7e6e7611e794b251099d81dc05dd95745015b32ba1ac46c1a,rbot,benign,7
1ad3b31a5870ccc7e6e7611e794b251099d81dc05dd95745015b32ba1ac46c1a,rbot,bladabindi,7
1c4a6c8a6f7d5387f1a756cfe7bbfc599b2883174a29b670e059200f6d2d7abc,rbot,4shared,33
1c4a6c8a6f7d5387f1a756cfe7bbfc599b2883174a29b670e059200f6d2d7abc,rbot,benign,8
1c4a6c8a6f7d5387f1a756cfe7bbfc599b2883174a29b670e059200f6d2d7abc,rbot,bladabindi,8
1c1d90d732a1ddd1b56476d8e449fe0668a2913bcca55212e991df3ac9de1747,zegost,4shared,40
1c1d90d732a1ddd1b56476d8e449fe0668a2913bcca55212e991df3ac9de1747,zegost,benign,2
1c1d90d732a1ddd1b56476d8e449fe0668a2913bcca55212e991df3ac9de1747,zegost,bladabindi,1
1d380f51ce5a879975f694afe35e5190964f85f04b866b8c1e9d7049a5691226,rbot,4shared,34
1d380f51ce5a879975f694afe35e5190964f85f04b866b8c1e9d7049a5691226,rbot,benign,8
1d380f51ce5a879975f694afe35e5190964f85f04b866b8c1e9d7049a5691226,rbot,bladabindi,8
1f0be74a506019960913e0e2cba57c9d6dc80b4eb9bb9c02ca08993587b75cc5,zegost,4shared,36
1f0be74a506019960913e0e2cba57c9d6dc80b4eb9bb9c02ca08993587b75cc5,zegost,benign,2
1f0be74a506019960913e0e2cba57c9d6dc80b4eb9bb9c02ca08993587b75cc5,zegost,bladabindi,1
18c2d9305d5ac26ed5d46eb14693c7d8f1d85e446af45504120551d8e4588f14,rbot,4shared,36
18c2d9305d5ac26ed5d46eb14693c7d8f1d85e446af45504120551d8e4588f14,rbot,bladabindi,7
18c2d9305d5ac26ed5d46eb14693c7d8f1d85e446af45504120551d8e4588f14,rbot,benign,6
200a14585e21d4ac0569eee75052c2a55a1b910534e82230f3c341d2da730b41,zegost,4shared,40
200a14585e21d4ac0569eee75052c2a55a1b910534e82230f3c341d2da730b41,zegost,bladabindi,1
200a14585e21d4ac0569eee75052c2a55a1b910534e82230f3c341d2da730b41,zegost,benign,1
200a14585e21d4ac0569eee75052c2a55a1b910534e82230f3c341d2da730b41,zegost,zegost,1
1f354487512233fc8c63eb76a3640ad963223e3ad32751b6f924bc53ff281ee5,zegost,4shared,45
1f354487512233fc8c63eb76a3640ad963223e3ad32751b6f924bc53ff281ee5,zegost,benign,2
1f354487512233fc8c63eb76a3640ad963223e3ad32751b6f924bc53ff281ee5,zegost,bladabindi,1
1d9ecff395f5c87bb21c1c3f9ec698ef2016c47a6c7d3471630a6415e0c71c04,zegost,4shared,40
1d9ecff395f5c87bb21c1c3f9ec698ef2016c47a6c7d3471630a6415e0c71c04,zegost,benign,2
1d9ecff395f5c87bb21c1c3f9ec698ef2016c47a6c7d3471630a6415e0c71c04,zegost,bladabindi,1
1d9ecff395f5c87bb21c1c3f9ec698ef2016c47a6c7d3471630a6415e0c71c04,zegost,zegost,1
204dba3620c25f6f77caaee9e928edccdc579a6322f7ce32b95855b5cf887fbe,zegost,4shared,45
204dba3620c25f6f77caaee9e928edccdc579a6322f7ce32b95855b5cf887fbe,zegost,bladabindi,1
204dba3620c25f6f77caaee9e928edccdc579a6322f7ce32b95855b5cf887fbe,zegost,benign,1
204dba3620c25f6f77caaee9e928edccdc579a6322f7ce32b95855b5cf887fbe,zegost,zegost,1
1c4bc89b568b0c5f4677644bbc3b555d1a5eee4951c3b629b6e14700b963bd60,rbot,4shared,34
1c4bc89b568b0c5f4677644bbc3b555d1a5eee4951c3b629b6e14700b963bd60,rbot,bladabindi,8
1c4bc89b568b0c5f4677644bbc3b555d1a5eee4951c3b629b6e14700b963bd60,rbot,benign,7
1d688883b6e1b8d15ec37ec2684209413e013a48a464851fcc58dec103a1631f,zegost,4shared,51
1d688883b6e1b8d15ec37ec2684209413e013a48a464851fcc58dec103a1631f,zegost,benign,2
202b8da4deffe96cfdbffa1a68040a46676f4804520f6def9913bdf7553f7e52,zegost,4shared,32
202b8da4deffe96cfdbffa1a68040a46676f4804520f6def9913bdf7553f7e52,zegost,benign,1
202b8da4deffe96cfdbffa1a68040a46676f4804520f6def9913bdf7553f7e52,zegost,zegost,1
0042b14e5004bc06122e78a4a86b9ee7c16f240f5cf6157e373e62ec8a099fed,benign,4shared,118
0042b14e5004bc06122e78a4a86b9ee7c16f240f5cf6157e373e62ec8a099fed,benign,benign,51
2081708cbab2ba9311645c03e66e24eb8e3356a71a39474553ef4d5f5c7471e5,zegost,4shared,64
2081708cbab2ba9311645c03e66e24eb8e3356a71a39474553ef4d5f5c7471e5,zegost,benign,2
1cdf4ff256829c7f65f92b38cd58495a9ac41fa3c2750ac0acabff7ebfa70172,zegost,4shared,63
1cdf4ff256829c7f65f92b38cd58495a9ac41fa3c2750ac0acabff7ebfa70172,zegost,benign,58
1cdf4ff256829c7f65f92b38cd58495a9ac41fa3c2750ac0acabff7ebfa70172,zegost,bladabindi,21
4be69aee8487960863d4243b8a87c756979ede2a64a72b005a7710286defde3b,4shared,4shared,106
4be69aee8487960863d4243b8a87c756979ede2a64a72b005a7710286defde3b,4shared,benign,1
49a71cba1d6b74bb076b8b04435ae54715802b4c43edce6169554ba053bd1c67,4shared,4shared,123
49a71cba1d6b74bb076b8b04435ae54715802b4c43edce6169554ba053bd1c67,4shared,benign,20
00456962e810b8c575ddef6d891f7235ff295d4768cb04f6b791f470f922f9ca,benign,4shared,218
00456962e810b8c575ddef6d891f7235ff295d4768cb04f6b791f470f922f9ca,benign,benign,69
00456962e810b8c575ddef6d891f7235ff295d4768cb04f6b791f470f922f9ca,benign,bladabindi,1
51d71b0c19fad004cdb6e56d503880eb65884e62df22e9731f9bc5bef6c2837f,4shared,4shared,193
51d71b0c19fad004cdb6e56d503880eb65884e62df22e9731f9bc5bef6c2837f,4shared,benign,9
0041488e4e37700706750e4c60f37c5126ef00f71e8eae7bd8c90db0d35e00f0,benign,benign,288
0041488e4e37700706750e4c60f37c5126ef00f71e8eae7bd8c90db0d35e00f0,benign,4shared,112
0000679e51c025668529bb0ae5ad8a9aaecb0112464fc76df2f1c24f28534812,benign,benign,21
0000679e51c025668529bb0ae5ad8a9aaecb0112464fc76df2f1c24f28534812,benign,4shared,6
4e47048007ea4cf4fe346adb32e3d8534060459aeeb76211d3805b4c7fd8dcd4,4shared,4shared,306
4e47048007ea4cf4fe346adb32e3d8534060459aeeb76211d3805b4c7fd8dcd4,4shared,benign,47
5648c87585ecbc2da0f27ad8938ecafd755ae37b99151ac21cf57c3110ff290f,4shared,4shared,228
5648c87585ecbc2da0f27ad8938ecafd755ae37b99151ac21cf57c3110ff290f,4shared,benign,7
5648c87585ecbc2da0f27ad8938ecafd755ae37b99151ac21cf57c3110ff290f,4shared,bladabindi,1
003fc78499645d7ba80188e266bb5f995115bc63fa6e3265f4696cd0a4746fc3,benign,4shared,291
003fc78499645d7ba80188e266bb5f995115bc63fa6e3265f4696cd0a4746fc3,benign,benign,194
003fc78499645d7ba80188e266bb5f995115bc63fa6e3265f4696cd0a4746fc3,benign,bladabindi,1
0001f7326692971a4184cbaca1a0ccd3e10ae921dc45a0ef04a0c87889017d94,benign,benign,72
0001f7326692971a4184cbaca1a0ccd3e10ae921dc45a0ef04a0c87889017d94,benign,4shared,35
5809e43ccc518e3e6364f692682ea1846b0369c14b4a54954e278ed438bb0f96,4shared,4shared,307
5809e43ccc518e3e6364f692682ea1846b0369c14b4a54954e278ed438bb0f96,4shared,benign,44
5809e43ccc518e3e6364f692682ea1846b0369c14b4a54954e278ed438bb0f96,4shared,bladabindi,1
5b9fd386388871161915a97ff712b0946fa8f12794ba809e7d2fc90f54959be1,4shared,4shared,251
