Hash,Label,Prediction,Count
e284fe4dff0f0d7fe7f0246021fd5c11465dbfa573be1a7b473900d70ba9c7bf,rbot,rbot,57
e284fe4dff0f0d7fe7f0246021fd5c11465dbfa573be1a7b473900d70ba9c7bf,rbot,zegost,24
e284fe4dff0f0d7fe7f0246021fd5c11465dbfa573be1a7b473900d70ba9c7bf,rbot,4shared,6
e284fe4dff0f0d7fe7f0246021fd5c11465dbfa573be1a7b473900d70ba9c7bf,rbot,benign,2
321a1272e85c3c3108df3631808e2e689a82b95d882cc72db153ce912809825b,rbot,rbot,50
321a1272e85c3c3108df3631808e2e689a82b95d882cc72db153ce912809825b,rbot,zegost,32
321a1272e85c3c3108df3631808e2e689a82b95d882cc72db153ce912809825b,rbot,4shared,6
321a1272e85c3c3108df3631808e2e689a82b95d882cc72db153ce912809825b,rbot,benign,1
3fab00e79872b035597e2a20d7a1b7bd741902b8f5d69399e2b3f500acbed820,rbot,rbot,49
3fab00e79872b035597e2a20d7a1b7bd741902b8f5d69399e2b3f500acbed820,rbot,zegost,32
3fab00e79872b035597e2a20d7a1b7bd741902b8f5d69399e2b3f500acbed820,rbot,4shared,7
3fab00e79872b035597e2a20d7a1b7bd741902b8f5d69399e2b3f500acbed820,rbot,benign,1
13d267479f07962627f72d656f99388636ade904fd8ae1d8fb996a28a1c2e6b5,rbot,rbot,2811
13d267479f07962627f72d656f99388636ade904fd8ae1d8fb996a28a1c2e6b5,rbot,zegost,1396
13d267479f07962627f72d656f99388636ade904fd8ae1d8fb996a28a1c2e6b5,rbot,4shared,331
13d267479f07962627f72d656f99388636ade904fd8ae1d8fb996a28a1c2e6b5,rbot,benign,88
4918dda9633d4224fc344975ff95868f2926f905e96e056695588da5ed68ff65,rbot,rbot,2675
4918dda9633d4224fc344975ff95868f2926f905e96e056695588da5ed68ff65,rbot,zegost,1306
4918dda9633d4224fc344975ff95868f2926f905e96e056695588da5ed68ff65,rbot,4shared,560
4918dda9633d4224fc344975ff95868f2926f905e96e056695588da5ed68ff65,rbot,benign,79
4918dda9633d4224fc344975ff95868f2926f905e96e056695588da5ed68ff65,rbot,bladabindi,6
24b3f926eaaf99c722196e568d88b24c2e23bf7b89d0245c7602f0a7290618b6,rbot,rbot,2562
24b3f926eaaf99c722196e568d88b24c2e23bf7b89d0245c7602f0a7290618b6,rbot,zegost,1260
24b3f926eaaf99c722196e568d88b24c2e23bf7b89d0245c7602f0a7290618b6,rbot,4shared,673
24b3f926eaaf99c722196e568d88b24c2e23bf7b89d0245c7602f0a7290618b6,rbot,benign,133
24b3f926eaaf99c722196e568d88b24c2e23bf7b89d0245c7602f0a7290618b6,rbot,bladabindi,17
cf73d4d9bf45754c79805a1bd2e64e69864baf25758077425b58a4ccef50a96c,rbot,rbot,3103
cf73d4d9bf45754c79805a1bd2e64e69864baf25758077425b58a4ccef50a96c,rbot,zegost,1195
cf73d4d9bf45754c79805a1bd2e64e69864baf25758077425b58a4ccef50a96c,rbot,4shared,173
cf73d4d9bf45754c79805a1bd2e64e69864baf25758077425b58a4ccef50a96c,rbot,benign,145
aa96ffe300a4e0bcd8929267548916afd800199d50b0b2669b2adbe9f7a6c4f3,rbot,rbot,2609
aa96ffe300a4e0bcd8929267548916afd800199d50b0b2669b2adbe9f7a6c4f3,rbot,zegost,1296
aa96ffe300a4e0bcd8929267548916afd800199d50b0b2669b2adbe9f7a6c4f3,rbot,4shared,688
aa96ffe300a4e0bcd8929267548916afd800199d50b0b2669b2adbe9f7a6c4f3,rbot,benign,52
cc30cf3f2557a0617593e5f05db04f65d8534839e9548cdf6d6a09d07d7d2af5,rbot,rbot,2802
cc30cf3f2557a0617593e5f05db04f65d8534839e9548cdf6d6a09d07d7d2af5,rbot,zegost,1298
cc30cf3f2557a0617593e5f05db04f65d8534839e9548cdf6d6a09d07d7d2af5,rbot,4shared,454
cc30cf3f2557a0617593e5f05db04f65d8534839e9548cdf6d6a09d07d7d2af5,rbot,benign,99
cc30cf3f2557a0617593e5f05db04f65d8534839e9548cdf6d6a09d07d7d2af5,rbot,bladabindi,2
fa2304baeb792c2071ad566bb1d6e2c18fa1147d43121ea41eb2c761a2526c84,rbot,rbot,2534
fa2304baeb792c2071ad566bb1d6e2c18fa1147d43121ea41eb2c761a2526c84,rbot,zegost,1028
fa2304baeb792c2071ad566bb1d6e2c18fa1147d43121ea41eb2c761a2526c84,rbot,4shared,678
fa2304baeb792c2071ad566bb1d6e2c18fa1147d43121ea41eb2c761a2526c84,rbot,benign,385
fa2304baeb792c2071ad566bb1d6e2c18fa1147d43121ea41eb2c761a2526c84,rbot,bladabindi,1
