Hash,Label,Prediction,Count
e284fe4dff0f0d7fe7f0246021fd5c11465dbfa573be1a7b473900d70ba9c7bf,rbot,4shared,52
e284fe4dff0f0d7fe7f0246021fd5c11465dbfa573be1a7b473900d70ba9c7bf,rbot,benign,31
e284fe4dff0f0d7fe7f0246021fd5c11465dbfa573be1a7b473900d70ba9c7bf,rbot,bladabindi,3
e284fe4dff0f0d7fe7f0246021fd5c11465dbfa573be1a7b473900d70ba9c7bf,rbot,rbot,2
e284fe4dff0f0d7fe7f0246021fd5c11465dbfa573be1a7b473900d70ba9c7bf,rbot,zegost,1
321a1272e85c3c3108df3631808e2e689a82b95d882cc72db153ce912809825b,rbot,4shared,54
321a1272e85c3c3108df3631808e2e689a82b95d882cc72db153ce912809825b,rbot,benign,30
321a1272e85c3c3108df3631808e2e689a82b95d882cc72db153ce912809825b,rbot,rbot,3
321a1272e85c3c3108df3631808e2e689a82b95d882cc72db153ce912809825b,rbot,zegost,2
3fab00e79872b035597e2a20d7a1b7bd741902b8f5d69399e2b3f500acbed820,rbot,4shared,58
3fab00e79872b035597e2a20d7a1b7bd741902b8f5d69399e2b3f500acbed820,rbot,benign,25
3fab00e79872b035597e2a20d7a1b7bd741902b8f5d69399e2b3f500acbed820,rbot,zegost,3
3fab00e79872b035597e2a20d7a1b7bd741902b8f5d69399e2b3f500acbed820,rbot,bladabindi,2
3fab00e79872b035597e2a20d7a1b7bd741902b8f5d69399e2b3f500acbed820,rbot,rbot,1
13d267479f07962627f72d656f99388636ade904fd8ae1d8fb996a28a1c2e6b5,rbot,4shared,2740
13d267479f07962627f72d656f99388636ade904fd8ae1d8fb996a28a1c2e6b5,rbot,benign,1634
13d267479f07962627f72d656f99388636ade904fd8ae1d8fb996a28a1c2e6b5,rbot,rbot,117
13d267479f07962627f72d656f99388636ade904fd8ae1d8fb996a28a1c2e6b5,rbot,zegost,75
13d267479f07962627f72d656f99388636ade904fd8ae1d8fb996a28a1c2e6b5,rbot,bladabindi,60
4918dda9633d4224fc344975ff95868f2926f905e96e056695588da5ed68ff65,rbot,4shared,2821
4918dda9633d4224fc344975ff95868f2926f905e96e056695588da5ed68ff65,rbot,benign,1384
4918dda9633d4224fc344975ff95868f2926f905e96e056695588da5ed68ff65,rbot,bladabindi,174
4918dda9633d4224fc344975ff95868f2926f905e96e056695588da5ed68ff65,rbot,rbot,136
4918dda9633d4224fc344975ff95868f2926f905e96e056695588da5ed68ff65,rbot,zegost,111
24b3f926eaaf99c722196e568d88b24c2e23bf7b89d0245c7602f0a7290618b6,rbot,4shared,3072
24b3f926eaaf99c722196e568d88b24c2e23bf7b89d0245c7602f0a7290618b6,rbot,benign,1208
24b3f926eaaf99c722196e568d88b24c2e23bf7b89d0245c7602f0a7290618b6,rbot,zegost,128
24b3f926eaaf99c722196e568d88b24c2e23bf7b89d0245c7602f0a7290618b6,rbot,rbot,123
24b3f926eaaf99c722196e568d88b24c2e23bf7b89d0245c7602f0a7290618b6,rbot,bladabindi,114
cf73d4d9bf45754c79805a1bd2e64e69864baf25758077425b58a4ccef50a96c,rbot,4shared,3196
cf73d4d9bf45754c79805a1bd2e64e69864baf25758077425b58a4ccef50a96c,rbot,benign,1220
cf73d4d9bf45754c79805a1bd2e64e69864baf25758077425b58a4ccef50a96c,rbot,rbot,133
cf73d4d9bf45754c79805a1bd2e64e69864baf25758077425b58a4ccef50a96c,rbot,zegost,66
cf73d4d9bf45754c79805a1bd2e64e69864baf25758077425b58a4ccef50a96c,rbot,bladabindi,1
aa96ffe300a4e0bcd8929267548916afd800199d50b0b2669b2adbe9f7a6c4f3,rbot,4shared,3196
aa96ffe300a4e0bcd8929267548916afd800199d50b0b2669b2adbe9f7a6c4f3,rbot,benign,1140
aa96ffe300a4e0bcd8929267548916afd800199d50b0b2669b2adbe9f7a6c4f3,rbot,bladabindi,123
aa96ffe300a4e0bcd8929267548916afd800199d50b0b2669b2adbe9f7a6c4f3,rbot,rbot,102
aa96ffe300a4e0bcd8929267548916afd800199d50b0b2669b2adbe9f7a6c4f3,rbot,zegost,84
cc30cf3f2557a0617593e5f05db04f65d8534839e9548cdf6d6a09d07d7d2af5,rbot,4shared,2905
cc30cf3f2557a0617593e5f05db04f65d8534839e9548cdf6d6a09d07d7d2af5,rbot,benign,1368
cc30cf3f2557a0617593e5f05db04f65d8534839e9548cdf6d6a09d07d7d2af5,rbot,rbot,152
cc30cf3f2557a0617593e5f05db04f65d8534839e9548cdf6d6a09d07d7d2af5,rbot,bladabindi,131
cc30cf3f2557a0617593e5f05db04f65d8534839e9548cdf6d6a09d07d7d2af5,rbot,zegost,99
fa2304baeb792c2071ad566bb1d6e2c18fa1147d43121ea41eb2c761a2526c84,rbot,4shared,3191
fa2304baeb792c2071ad566bb1d6e2c18fa1147d43121ea41eb2c761a2526c84,rbot,benign,1159
fa2304baeb792c2071ad566bb1d6e2c18fa1147d43121ea41eb2c761a2526c84,rbot,bladabindi,108
fa2304baeb792c2071ad566bb1d6e2c18fa1147d43121ea41eb2c761a2526c84,rbot,zegost,98
fa2304baeb792c2071ad566bb1d6e2c18fa1147d43121ea41eb2c761a2526c84,rbot,rbot,70
