Hash,Label,Prediction
3914914d8825c7e837273e1d4c31a0abe0304a358da62ffde4cfba56046d13e3,4shared,4shared
0775045148aeeedb654211394c3a3b1bdaa8080cfa33823c7069fffacde97e90,4shared,4shared
22357ece1e97ad9d62420b65d87002e168a5f2d97639c53d6415f04bbd3be01d,bladabindi,bladabindi
1dd8505cff78ec5a07ee1d53cd180079f3c51dd6b17f2d2bc9b754e289e5344f,4shared,4shared
0722a21ff209735d5aeb9dbd6bbc52f4ada28a0461438cbf5a6180b2cb438a0c,4shared,4shared
00214e1b36d98788ed8c90a55973127dba4f466c4182bd7b92ad875d80445c3b,benign,benign
001d6171fe075d7ae2adeebdd94679c9cb0e9bd280714105154e61bfc7140a73,benign,benign
270ef33928ce05ff74380a382cb0d2bae8ddc38f3e2f005b7f01b871581a0f7d,bladabindi,bladabindi
0332ac3edb62dc6a20e9cad4da6138fe6d0e2c437d39d8e63f4273a4a69a5786,bladabindi,bladabindi
001f1b6f6aeab4b6b81021b75997dee72a4eeecf293ca9c5d1090e78847e29ed,benign,benign
0f360e16052338877c1fb39edfd5b8c42696c1b20c78890373fb6431fc24d449,bladabindi,bladabindi
000e409206b72cc761503927050c9ed90e0135ffb0ec91288710b85ae95ea061,benign,benign
001f600f2d36baa922b9ff366b768f39371f7fc0413453d376155d1af50aa792,benign,benign
0723f6652dc2674f7e7590e34b448ce274c1154591ca36d579e63de9eb5842e1,zegost,zegost
008108408b1eb3fdf31009126d2e7ffac7c5e1f8d5cdd93747c6e2f3be7a0f6a,zegost,benign
0ce89134a5765e1652a90240892ec1cb256c82d8305f6fe2e1970614b4a480de,rbot,rbot
1c50bb9655ede0872d1e83e63fb383fe66c46606d417c4f9d5a715821e70cfdc,bladabindi,bladabindi
001991f76201e433bd8e1b489cdc11c92aeb4eb9192a7269c1af367a6b329c41,benign,benign
00126e0b175ab715fd755d726bd32819a07b9ddb48bc8912b41a2eaf09cb6938,benign,benign
43b61f9f35d35c7adce99a510d79d9d84d97a96d7e90eaca4707d64f3bf9efea,4shared,4shared
12dc8080b3d1620b00e00fced52e2791697f56b4d428420616a1212d941719a3,rbot,rbot
007fd3251e7b4dab748477122b93147d93681b9a7429fd53601b8c3840387abd,zegost,zegost
0bd9bdfc8541e1d910a7335cf9f5bddbafd40e7ec9aab6a013cce53df02674fe,rbot,rbot
0048d548fd4d21e7141984bb58b560110afab60651ffbe3f80bd084f792fe9ca,benign,benign
1c4a6c8a6f7d5387f1a756cfe7bbfc599b2883174a29b670e059200f6d2d7abc,rbot,rbot
001a851e55b1e5104de11c0440fb8512693fdc974dba1c375f2fdb2c290025c3,benign,benign
2820d658b313638763199b7bfbeed7bd8d2f20beee217aa14afb4c47ceefd8d2,4shared,4shared
023cd7c8aa608ca6bf3134d8deca0687928be3d2265b6939d0dd822866ac68fe,zegost,zegost
1d9ecff395f5c87bb21c1c3f9ec698ef2016c47a6c7d3471630a6415e0c71c04,zegost,zegost
0d24c8af9a706f168d375b4536955d7a6d086e8ca0c583766071c9a217878919,rbot,rbot
0005c903d9239f3a7877724b09b2cf2ecec99e895eb00dc5fa6107589ef6c0c2,benign,benign
2baeb4bb8d6e0fd71c26d9855221b489275c6c65c14f65d4302fff38743cff67,bladabindi,bladabindi
017db55f7f56262ed97c63dc92992fb50e339a82e1bc0b878a3908fecc6c3ada,zegost,zegost
15deca8d55de4e1118f5c755e9ba0df93998d15834a2bc4f293257e005390297,bladabindi,bladabindi
003579a9013fdd6d2d01e2faacc9d3fe8497637d8306fc1f9e22bf9e1558c579,benign,benign
294afc0ad0205e1ce49d7ef23fa4865c469a5f64e43f12643e5b03535908b3cb,bladabindi,bladabindi
02dd7bbe730b98acef2e3a46ad0335a5985c6073883ba57b9131d9d5419a19e4,zegost,zegost
08e31deb1c2ec7cc4d5f1bf678abfb953b20524eee2216e3d87d92b6f436f5c3,zegost,zegost
0010625eb5696eea055858ed477a016e4a08074a166de59d839592fc6e4b4082,benign,benign
00456962e810b8c575ddef6d891f7235ff295d4768cb04f6b791f470f922f9ca,benign,benign
002b48c515221db243b178b1c21270bd88c8b3bd2e3e553d8dde458f6e766074,benign,benign
204dba3620c25f6f77caaee9e928edccdc579a6322f7ce32b95855b5cf887fbe,zegost,zegost
0ad67dd0bd1edf0879722c654cc5b2b314e8bb1cb78f707b2da091777757f42d,bladabindi,bladabindi
091f66b60bd20435e93b503815af705c804eaffbe5f6c867e68b0143e8c3e374,rbot,benign
4be69aee8487960863d4243b8a87c756979ede2a64a72b005a7710286defde3b,4shared,4shared
0b67735f51f38ad9cffb32c21bdbc9e1708a4b0c8ef5a50c87890be9a2484fc6,4shared,4shared
1a6a2a073e745ad42d3d1307e0cd396ae949b9b053012494436e849a9cc7fc14,zegost,zegost
0020e9e0aa5019e5e6e74f3821e7aca94b07d40f36833ab7c671b435fae62443,benign,benign
00263c37fe702b27842162508b8f5d3c0972aab203ac7b78293aa324c5e36592,benign,benign
336daf006ce5ab7cf760d8ff410cd6595593ef5078200460bc03aa842c4f4805,4shared,4shared
0826f49101c2b928b2892500fcfcd6c167a59238cd5c5144c24316af80ca7ec0,zegost,zegost
200a14585e21d4ac0569eee75052c2a55a1b910534e82230f3c341d2da730b41,zegost,zegost
21f8b31e702583cbc65689e046f8468d8bed5ba8f7c0bdd263120058c6fdc381,4shared,4shared
2081708cbab2ba9311645c03e66e24eb8e3356a71a39474553ef4d5f5c7471e5,zegost,benign
274d043c8cb1b1761c88861073425473ff8444be5795f7d971355a8155c29644,bladabindi,bladabindi
000624dc987a1241d51771ab1a9386cef944fc5b14df5f8b53dc739318bfcba0,benign,benign
3093da6a1ffa97a31fdd9d1d6169b3e7ce1bd3516c4abb82b4c0092b53adcd26,4shared,4shared
0f49761fb3351d43f9285de996038c0e1fdccde8ae40cf28ffc4e0a98261ede1,zegost,zegost
09b88c3803b46629b4f7d06f12c5dad91c0d19b602c0735d8d6e387c1a1978a5,zegost,zegost
2a64970a75e30606911518c52f8603a8c69dd78537d10e44074acb66aa1c0030,bladabindi,benign
15e9b4db82b00375d558029186c06e1d5473f6a4089ff7d002ed62e0e236e6b5,rbot,rbot
260e5bcdc59ef827aff10fbfdd9beed88d80cbb2f7b5bf76b313a70dd1b2a1f8,bladabindi,bladabindi
001d5db62a6f9384ed4426ed74496183a4258db2ee56990ed69b6e94221e5ad9,benign,benign
06de8facc1473a4089f23d7aae4113a3a19fd6732a7265a5385f4e8e7f81afef,4shared,4shared
03ffb77391593a0dff7fc8ead4d1970fe5be06e3ba4e2dc0d3f9c9bc4330d440,zegost,zegost
004c8d6016a503c8c51f2894397a1d949a7d7a6da5649bc140db6b51c9408ecf,benign,benign
1fff555acdda48c00d896cfdd9f51f657684a2315ef8a0828e9a16a76bb29cfa,bladabindi,bladabindi
03ea5f676eed1631a88821c41d76d5904d4b1279afe91b56fa1f7a8d964b4fd6,zegost,zegost
08b357660e2b46723be0ef02fb1e0d5ac6cde5a2efe85e66a75e8fcb0ed62316,zegost,zegost
01179f6216b809b3e9d8a993afb373b8b30cfb1e6900ecd6f69e0a192f741d42,rbot,rbot
1fd3fb9cd616ee2a6e97069485ce3e691203d7fb48d23b050ce3da8e7572c98b,bladabindi,bladabindi
453b3daa64919cd905f248b671584b2851e39c856d28b0c7f7899d138d8cf990,4shared,4shared
06540d41ef6a5032363bc3e84d2ea602acdcf22eae08db2b4e3811d0a9ffaf23,zegost,zegost
13f4d126e6791949ab56241fb4415560d78263f58b21f3b607e5008f11ba4b4b,rbot,rbot
0d4de110eef5b9572e0ea2dfaa20a4401a4b2b0ea5f8b461d7b491872855b321,zegost,zegost
0c3de3570d091815905d859e7e438ddedef097f892f8f2e5c36586f5fec1716d,bladabindi,bladabindi
419ae095dd64e90e0fd5111258852dea1d2918c710fb5059f3a9abff6f5da174,4shared,4shared
41de8533baf90bb1592ce5391c973109a254dfa1c580d7491bd5775e23d443cc,4shared,4shared
1c4bc89b568b0c5f4677644bbc3b555d1a5eee4951c3b629b6e14700b963bd60,rbot,benign
1f893ff47234e2382fa2dbc390d3c1dc248a652427e0c717f123bdb1c1581ea0,4shared,4shared
00230db4c336d8b6d43a6b0340c5cf99754876056df459c77fddca4b739c1cb8,benign,benign
0034e9d11969eab358f1d08527813d59abc7951ac9d530583791e2c1ab1c14af,benign,benign
11b9d99ca2196bef50114a5485572772e72d4fc1f938f9073d4191a9a6cd2e12,bladabindi,bladabindi
192407ca351b08e94b77e396628a2a6958375c1f1b9ba0d4b5a723a211787027,bladabindi,bladabindi
11161a5c36f77c0758b75c201ad84950cbff6c6940fb50dc54ac1788d3247294,zegost,zegost
003a24ffee01e839d8f5d52c1e041d4630de071f498ffe4600ab91a34ce115c7,benign,benign
00264e5107b1a2e4fd86d3afd227af12c87b315efa4dc4a0f2243f061188c584,benign,benign
0cb80aa1beee9a4374d32c25dee524c4df14bffcbdeb84c63fae7938aa3f411b,zegost,zegost
079224756104c0ab15584b5ee9b55a8e82d0ff46224e3eae9d0bd751c8fe40ec,zegost,zegost
157e654467d44f6c644cec6bd2053b51baca69f41270485db7265e97ca9a7f92,zegost,zegost
0042b14e5004bc06122e78a4a86b9ee7c16f240f5cf6157e373e62ec8a099fed,benign,benign
18504888801e781e5a4edc2498e01c2006c414234abc5e07aac53c22f95078b5,4shared,4shared
00073beaa4e7d4224096bcf95ebb335afce20de5488319c16f1435bfc766c3bc,benign,benign
1e7421c7596ae6c87a1af3ee8eb5551c20d15804d55637944986eb28f7e165ac,bladabindi,bladabindi
000acd9f4f1a88feb8e665e6a65e435221467f6231908e11239c3c12769b3408,benign,benign
43893d3ed9efd877dfde3a5fe73c9262204651c529f1649327358c98051e1f58,4shared,4shared
2363620cc49fab4f0aebdf78b50a452307d2862a5e0bc9c71070d5f7a4a3ae3b,bladabindi,bladabindi
1ad3b31a5870ccc7e6e7611e794b251099d81dc05dd95745015b32ba1ac46c1a,rbot,benign
3cd4cb0578a3791890ec712a169e405988300adbdc002144e6b8082ea243137f,4shared,4shared
0041488e4e37700706750e4c60f37c5126ef00f71e8eae7bd8c90db0d35e00f0,benign,benign
01fa337c4f6326b1715915575467aad7c5d20c642eac4608d0cbddaf9552de6b,rbot,rbot
1cdf4ff256829c7f65f92b38cd58495a9ac41fa3c2750ac0acabff7ebfa70172,zegost,benign
0a022f357c56ad94d798287c5c629226b5a14e467c20047bbe65f2c391bb23b3,rbot,rbot
1292638c68ee8c6a52d38683a55228923911203c07ed61a1c683eea714fde39e,zegost,zegost
120f95e033e7151a9c96f33fab88158ea153bb2c4947b009123fec18bcb7d2f1,bladabindi,bladabindi
21eff9bc737fd34dbd451f6b7715130bf584b24ef953623aed218ebafe89eeca,bladabindi,bladabindi
0c2bfad3b5348d83aad661fb67380ca55e9577f804bab3069084fad645cc7d07,bladabindi,bladabindi
0e8422fdec1ffa454d762a5b458060cde389209d517d5cc49a68031c17873350,rbot,benign
0045fb2d724cefda00e5d747d3a207be78087059e6442d78910af0f675a66965,benign,benign
00334496a3a93d2378e6f4d9f07c32977161277132e12863548eedaf2993c1c2,benign,benign
1a04526b73abd7ffb26353fd395c451db1a9d44afb41f8c456f2aa44637b85fa,rbot,rbot
01390756138c61252341b3bc96184320d415d3a4caa6517bcd819b5c1f560e0b,zegost,zegost
11a25044ec38a0dd881411fdb25f67f1443b8e8807cf503e5ebcb28b303d9a48,rbot,rbot
038526b078d97a5115be6d81eee68caee4eb726b84a42f913c3303dd9100eed4,zegost,zegost
1e423ecca220e391a8d5ed932d0a316496dacc819a07e6b10762660e8e16dfc3,bladabindi,bladabindi
0a399c07eedf969bd4452e791c5e5072a76e0c9d771e83e1633918d1b14da223,rbot,rbot
1a4d29ec08fc576ee53c232e0d5d572423955765a5fb39a7aee8e4a3fa3425ac,bladabindi,bladabindi
36151e7e8e7895f6f1b096d22d31bc3ac7ea133733e106676200305847d42993,4shared,4shared
24206b86c0efee35e4744dac121a2d3489d4d17f4b9572eb03a82f398422cfc9,bladabindi,bladabindi
3a729776ab86801fd231e221835a8c987e3fc5a40614262f9378dc2ae766e016,4shared,4shared
0b282c6fb1a498bc3bcb88fc55df8735ff1fa92597c5ed050b0f1f433075599e,bladabindi,bladabindi
117c62a1b58ac3a04b50c1d29b1d005154f0276ede081af2c82cb83db4d0c9f2,bladabindi,bladabindi
1176db2664c5156aa6418e324eae02326d1494879837949a378dbfb8f31199bc,rbot,benign
18fffb5073e794c5518ca8963e477cd7c700bff5dfecaa875cc596303dcee0a1,rbot,rbot
16aae058cc58bdbe302a43bce3cc2e69f20e05a696dbee10d37e2325b3b96c51,rbot,rbot
056f94d6ea9ef871dc7908700e2360dfa5415e68db22225202a319eac8e20aed,zegost,zegost
001571cc9aa326c42f27dc1c1100c3984e86ded79618fd9560a9b7649a31a68b,benign,benign
5b9fd386388871161915a97ff712b0946fa8f12794ba809e7d2fc90f54959be1,4shared,4shared
202c7d5ec7c1e536e548b302ed72dc583821295b8dbe7b5010c9346c632f0993,bladabindi,bladabindi
1504743f470ea9d017552ef6933ed4664da72e6ed62fa6de9449493111704112,bladabindi,bladabindi
02968e46e067fda15835a56b0896b1ab589c72f68fc3ccb7ca6260aee3ef8d28,rbot,rbot
0ccf4becae8276d3b6dbff24c8b5f2776d7d972c68b3e977c42bc6b69f2d8a3a,bladabindi,bladabindi
1213b2eb4d910244f146707bd291c47b8f3c6fad3958a2c72d86550ff626a78e,bladabindi,bladabindi
102c4d86a45a8cc42698c1f4b88c3a3c1b3ca2f5a47d06c5f74a77e7d0f31927,zegost,zegost
3cc23c885e2f91849f82faf2c6c08e2d4444f90af29b9cff670e98eb30b495a6,4shared,4shared
0b778c1b3ab85d1af4b439105af9404cf8668312b169ec5a3d72d918da7c2e88,rbot,rbot
129a2838ed5f58f57a2f7f452169af89b37fa741fafa509932f3fed9af93713c,bladabindi,bladabindi
1cab90d230cad8316a8cb71b437e28c8d21f9fd05dc1e4fb81d420f3cccec98f,bladabindi,bladabindi
0ec8dd14fa46816200ba6db97e546da087d5b1a031816993aca425ea92160885,zegost,zegost
590b77c89244216818050dbd96c801551828d4219252e261cdb0976d2041d74a,4shared,benign
07d350ed458f29feff3a9ad066d8655b764499648965b0b02881864d0e6249f3,rbot,rbot
510f49a864288cbaf02785ca56b552a5a5db920237faaae1352082cf7cabc08a,4shared,4shared
00485c4c18ed51b8c19e953e902a69de7e1dfd4811a2a3f1029bd7dc764bee4e,benign,benign
06a1cd8f3b7a43010bae87eff733934ddec9fe43b7a901376cbb4424ef40241c,rbot,benign
0dbdc3740d043b3eb08cb3b85dd50e82d42250625e53af4958dd7f8dd0c8479c,4shared,4shared
04a03d8d07826e0e81b886209bfa4914cda8a3b8ec5c9a34779784fcc89bd3e3,rbot,rbot
0764564dd67e295325fbf9816818513624ba1a8217580fed94dab403ba4da48f,4shared,4shared
060bf3225a22b3d37436f9e0295029ab18dbfb0e48c32ac85306623b16ff127d,rbot,rbot
5809e43ccc518e3e6364f692682ea1846b0369c14b4a54954e278ed438bb0f96,4shared,4shared
3647c9abb8abbbda3e66df2f81612f1f3d51a61b26f4e6d52d6134c58eddcb8c,4shared,4shared
1428da2796f8f6be09f89632ce0379b04f7a25fb068c41e86c302c0d43045e37,4shared,4shared
42266823110b67d80b5a2073585c340d9c45a0e8296f062829cfa1f0280b1b93,4shared,4shared
2abb29fd24fbef6563295a5240c28439b72038004859ebe9a146ab51513ad1a8,bladabindi,bladabindi
013c09bb8ee0c85f50d054cecd9f71dcc63a5f6fa0dba6e26e86cea4af8b8778,zegost,zegost
001e5de123eb695d8f1e969d6dea6fd25084dac26b47fe811d236f0c032b6cf6,benign,benign
003fc78499645d7ba80188e266bb5f995115bc63fa6e3265f4696cd0a4746fc3,benign,benign
1c02f1be814273d44a14fd2cc0fd1425782e564b68110d036753699141e9f552,bladabindi,bladabindi
001f439ea10b7dc2200e3e4ab6c78adc3031e0194a7e7ab5740398f75980e933,benign,benign
06f299d34d515224972f274ef26c448d4cf1299a3972305f1500b0ebb94c5ac9,zegost,zegost
176babeada9591fbaf19ab7fe26752179bbc9085ca520432db697e721f0f930a,rbot,rbot
17efaa3dc65a3556d03f0b5c4b9afd2ee50c794d6394cb7ac421f4ba9bdfef95,rbot,rbot
00197ab19e6bf342dfb9984e4aeab0bc02b022257e634679ec91212a76dd72da,benign,benign
47e829483b9f25e2d33364e3fb8485d4b859b0722a5c7876bb0b27dd685ccc6b,4shared,4shared
51d71b0c19fad004cdb6e56d503880eb65884e62df22e9731f9bc5bef6c2837f,4shared,benign
0bd0600ffa0aa2533233e569dce3553cc9264b6bb6db49926d1277078a6255be,rbot,rbot
07d7ec1b9b643b7ddc646d179623f2553e5d1cb9a5072fac565d967d6b291837,zegost,zegost
05f5ad9eeace5579391a7bb97fef8172ebede0aa5956f1f7fd8c42256cba9cdb,4shared,4shared
0025d48e87c1cfb9862c782fe741ee7c353b84c46acbe80d223f7ba3bedfca36,benign,benign
0bf59ba6328c94e98af0743b2e6d8ddf412bcce3ae4cb8b279f7063fd8e8be20,4shared,4shared
0004a771307d460e66a708f75251b581d697ff43c6025c649f6418e92ce41d99,benign,benign
004b173e7e3a33aa29955fae1642c4c196f8aa2573b881e63a2abe3c05962baf,benign,benign
1e8bdf816948c5f5392c65b2403db63dc7e59312e6fca6a2b7de484b39777d86,rbot,rbot
26fe69ea8fb761bee659eac0b449de48fdb6ed537f42674317f30dec80f4f2d3,bladabindi,bladabindi
00202a4c00f653ff588017e9f762606c55c38a7c48357ff6e65c58e05eea37ef,benign,benign
5648c87585ecbc2da0f27ad8938ecafd755ae37b99151ac21cf57c3110ff290f,4shared,benign
0e4f46afb5cba3e0144ce734322a010425e75f2c7625e9c2102d4f631a4a7778,rbot,rbot
003726b0532ec8ab0bd427f014971d3d21317674e034fcc98210646110a051d5,benign,benign
0c7694107a2698b1ea64d720106c9e171b80a5d2c5c38ca83697e9966ec0cbd5,rbot,rbot
23b35904f03944ae357a0cd2dee4dbd371030805bf4dfa826d86ab9a540219d8,bladabindi,bladabindi
3db62265a22a2c879fbda227371b50a378538f13d6d05ccff36884ba52db9f28,4shared,4shared
04bdc6eedb78504208a6e0500a7656dfdde8a62bcc92d5cdacfd83ab7156f3b6,bladabindi,bladabindi
315d649c5bb5d41502ed066a98551004e579129f950ca1900e74eeb67fd4cee5,4shared,4shared
08018141e1008a8266c1487d8d7c67e8d300b2a69c795cd56ea9c263ed5167c6,rbot,rbot
022eaa9b3098b67ebc30a53bb34f3d98fc4c70b6ea6d36d99ee546c2012f2502,rbot,rbot
164e47a70965442f4e9d4636505db610335cd34233ebf2a5273268622194f629,zegost,zegost
143d36f64aa79eda96422dd718fd93f1c204850058241eb84f946fdf6df4ef26,bladabindi,bladabindi
0dcb459d5f0ab5aa355e953dfb85ac89ae795388eb9da395cce2766cfb3732cd,zegost,zegost
4e47048007ea4cf4fe346adb32e3d8534060459aeeb76211d3805b4c7fd8dcd4,4shared,benign
0f62c225dac625b550ae187dc9f004a4feb8aa8baf78c0a58e6125778ad8fde5,bladabindi,benign
0008b19e89fbbae456e8ae359d9716388b342702bbc8d0c2d8452e5b832a9d24,rbot,rbot
18aa00ef5eabc9ae8ddad3a30abd8cb237da0c61980a0676fec7cf1168c10618,bladabindi,bladabindi
06adcc119877187c08b07987abd317083c1f24f289f75e9130619c832a5d338c,bladabindi,bladabindi
14779d2300891dc200df8771a0eaec74527b64ac08dcbb66b8d6f59ba2c3e092,rbot,rbot
0f40fb4a94277b43696275fae7f3a0f0963952376cca9df82c7126d27072204d,bladabindi,bladabindi
00106e9e56d7e41fd33f2b92312f147e9578d9e94568bcbfed9d4025c46f5371,benign,benign
001133eec70e04b6727c4b39a3aca5a451fab867ece1f2c84cb92d06c5fee563,benign,benign
108a6120d45822e2dc6ce45e57da375b2dd98ea75f9c39e330e43d54580319f0,4shared,4shared
182843823d34ed13b5cefcd6f085516623a11c19de6186ea8cb0e017fc0fd8fa,zegost,zegost
2cc26f1bad661b20b22873e77473ac732c22dbfda5e375be9ef14d5c564e1349,4shared,4shared
184494310a94d7933124f710c95f55ce2a4cd0a58dd74a880e387c45c58f0422,zegost,zegost
0fe8a23c6a18c0564600ad233573be3e8f7f9ed20da473e49e2ad3d6b04d6e92,zegost,zegost
0387d72ef9a6af42e4580b547cdd19e4d626b5e99498dde33fac882af8514a59,rbot,rbot
11958fb3bd0dfa482fa7467b5bf43503a2764eef546f8c083ec7148837f7a7b9,rbot,rbot
0001f7326692971a4184cbaca1a0ccd3e10ae921dc45a0ef04a0c87889017d94,benign,benign
1d688883b6e1b8d15ec37ec2684209413e013a48a464851fcc58dec103a1631f,zegost,zegost
2833b0019eb7b33e58cdc380649020e5f37e3b573935e01681e088ab7a25be07,bladabindi,bladabindi
1f354487512233fc8c63eb76a3640ad963223e3ad32751b6f924bc53ff281ee5,zegost,zegost
00153cbdba1195e4f497a29e416a2056409d2eba536d5071144551ca5c87142c,benign,benign
1c1d90d732a1ddd1b56476d8e449fe0668a2913bcca55212e991df3ac9de1747,zegost,zegost
000b79d575618e1929ba5aedb32c04eb97ff7bde91c5b80c62f38a0e3c1176d8,benign,benign
0035409edc3f9e2bdb371c02dd23001160a9771160856870f88bc05236ca17b4,benign,benign
0db3153aab7e4dc536e83f37bffd1ccd079adcaa7b18cc7fecec165a72b1b456,rbot,benign
0eae1c26b0f7d42ae308d621231b1b9050a25a2a3a554a4460f5365aadfbb89d,rbot,rbot
11dc0bd14fedcad89a626f9952017933cd4f46bcae6a89c6e67daa73f76189ea,bladabindi,bladabindi
42bd6e6b8a7af6f0cf309e774ce53eab612d7b966abd71818851dbb2efbb09b9,4shared,4shared
1f766d526137e29bd9fde2064d78d5ad5b54386a8890d1bed5290da4629f48d8,4shared,benign
06550d33096b4fad98885435a19e79e1a955949f9b58d03ede7279fb8e7bc7a7,4shared,4shared
173288b0f8af4cc09e7c03203d5aa8e2fb0b0e3ff717400c5241adb7399b0425,rbot,rbot
0043b78a57d4f9f72d623a1e5ca3feb467804fb545463f0014e0f4748213cf4a,benign,benign
39a1841b8c40d8d182daf39571c5cbb1f569231e9521ef1ae58c16ec8fc8005c,4shared,benign
0000679e51c025668529bb0ae5ad8a9aaecb0112464fc76df2f1c24f28534812,benign,benign
18c2d9305d5ac26ed5d46eb14693c7d8f1d85e446af45504120551d8e4588f14,rbot,benign
0a1b121a48b6530760e032d8a04fee0968fef5b7217f69af2fb0d98694abb7a4,rbot,rbot
160f25c323466f183d26ae7250bdcf00d224050ac51efcbb3c29dc1171274e15,rbot,rbot
1f0be74a506019960913e0e2cba57c9d6dc80b4eb9bb9c02ca08993587b75cc5,zegost,zegost
45b3a26cb5013368110445d88e24c807735578dac08abc63ff3d2a777eca2ac3,4shared,4shared
07ee5181a3899d5615839e5929d15f6f9990fc67944636b08e5f0f11464cdef3,zegost,zegost
14fab52f4a499ce9cd6b87cb56080ff93f58255e42bba900192b309c89263850,zegost,zegost
156c6bb223d3aa039d6d926d6df1fc8e11a63100dc1f76889d85ba87ea7cff1a,bladabindi,bladabindi
469f26f09ef7ef6ede857b85913a8561d009c4dc98af6050145b94da1125cc99,4shared,4shared
2776bbd7c3d1a3a036ad68f53e6456ad9118b13f0c6088b18a6095b73a39f4f2,bladabindi,benign
1fc3871ff0e4e4b116480ed02b7ae5c4c13bb785bdf4279987511ade20584f61,bladabindi,bladabindi
00b2661406999602e233a2f544fe84436bd57f73807c8e5717bcc4952c1a4273,bladabindi,bladabindi
48682786267ee4f39e1a3e260ae1e9401c8c4f19c085543c5170732f7a389225,4shared,4shared
202b8da4deffe96cfdbffa1a68040a46676f4804520f6def9913bdf7553f7e52,zegost,benign
1450ddf6d7c06ecee7d9e868f60ccc41f8f5b82cda2d6209efc53acbb48c5f86,zegost,zegost
1dc672385d95c4586c91d19085ddc7cdf5538e8af9927ac0d98f68022c7487f5,rbot,rbot
rbot-original.exe,rbot,rbot
0b2aaf86f658beea97f62c698e60b6da4431ec2c2cb90d73447c7a2bdfd69bb6,4shared,4shared
1b0339115d19fd14cd0dc717c0d260fe3fba850ea873393e57829824164fdfc2,zegost,zegost
03e9f4e2637694631fd2fe68e5f8cc6075fdc4440eed76d11b76c47721498dc3,zegost,zegost
2001e2cdc8a2f1c8190ffd17de3e97d63e567b27a23c2c6ffc49e53d3a89fcfa,bladabindi,bladabindi
1938788617260d497fe42b1a6c0a98bbfbf67fb37b8f0dc89231bdef99d55671,rbot,rbot
0b7d7c7a4d17f7b1b64ed7cdb4ef508a2d519399a70011e82a33608dd4605024,rbot,rbot
1bf789ad4b3c2f6a48cf46e5b1a77ec10427313712af367df849476f95e38c99,zegost,zegost
49a71cba1d6b74bb076b8b04435ae54715802b4c43edce6169554ba053bd1c67,4shared,benign
1d380f51ce5a879975f694afe35e5190964f85f04b866b8c1e9d7049a5691226,rbot,benign
0037f23882a5041e302f894a7e9159b372d35e0539fa11070ccac91a6154d70b,benign,benign
0a002615dc3d28093bb57cbe1db05d82338e6c60e0b9d74e5084ac53a05fcde0,rbot,rbot
002f7a311a0b792b308037a750b3bf56f5fad6c0a7693eabe478472733bcab0d,benign,benign
1343e41252a5b088ad1e6175b278baf9def7236ddaa84adf4d3e8b2d6c5b755f,rbot,rbot
