id	script_url	line	column	script_id	hash
6_61B93F65A13F669D8E148FA1FD08072C_EBAFEF512D1BCE16EDC7F34DF1D3743D	http://cs6264.gtisc.gatech.edu:43661/static/js/jquery-3.3.1.min.js	0	0	6	160a426ff2894252cd7cebbdd6d6b7da8fcd319c65b70468f10b6690c45d02ef
5_61B93F65A13F669D8E148FA1FD08072C_EBAFEF512D1BCE16EDC7F34DF1D3743D	http://cs6264.gtisc.gatech.edu:43661/static/js/popper.min.js	0	0	5	58cb6a78afc204b7165e947c965cbce6296ee0e587fbab3e12c0d2b6378e9004
7_61B93F65A13F669D8E148FA1FD08072C_EBAFEF512D1BCE16EDC7F34DF1D3743D	http://cs6264.gtisc.gatech.edu:43661/static/js/bootstrap.min.js	0	0	7	0a34a87842c539c1f4feec56bba982fd596b73500046a6e6fe38a22260c6577b
8_61B93F65A13F669D8E148FA1FD08072C_EBAFEF512D1BCE16EDC7F34DF1D3743D	http://cs6264.gtisc.gatech.edu:43661/static/js/mdb.min.js	0	0	8	fd862aa75fa69ba54a53c4bf2764fadc87dd56901227b93da44b3317a55fd94c
9_61B93F65A13F669D8E148FA1FD08072C_EBAFEF512D1BCE16EDC7F34DF1D3743D	http://cs6264.gtisc.gatech.edu:43661/	228	31	9	647641db41420bce7520f305bd7e68b16cc2e1877c5ac48aa351f95f6f7afbb0
10_61B93F65A13F669D8E148FA1FD08072C_F3AFE1C79F3DBFD4C59DFCD62021C57A	http://cs6264.gtisc.gatech.edu:43661/static/js/jquery-3.3.1.min.js	0	0	10	160a426ff2894252cd7cebbdd6d6b7da8fcd319c65b70468f10b6690c45d02ef
11_61B93F65A13F669D8E148FA1FD08072C_F3AFE1C79F3DBFD4C59DFCD62021C57A	http://cs6264.gtisc.gatech.edu:43661/static/js/popper.min.js	0	0	11	58cb6a78afc204b7165e947c965cbce6296ee0e587fbab3e12c0d2b6378e9004
12_61B93F65A13F669D8E148FA1FD08072C_F3AFE1C79F3DBFD4C59DFCD62021C57A	http://cs6264.gtisc.gatech.edu:43661/static/js/bootstrap.min.js	0	0	12	0a34a87842c539c1f4feec56bba982fd596b73500046a6e6fe38a22260c6577b
13_61B93F65A13F669D8E148FA1FD08072C_F3AFE1C79F3DBFD4C59DFCD62021C57A	http://cs6264.gtisc.gatech.edu:43661/static/js/mdb.min.js	0	0	13	fd862aa75fa69ba54a53c4bf2764fadc87dd56901227b93da44b3317a55fd94c
14_61B93F65A13F669D8E148FA1FD08072C_F3AFE1C79F3DBFD4C59DFCD62021C57A	http://cs6264.gtisc.gatech.edu:43661/product/basketball/	231	31	14	647641db41420bce7520f305bd7e68b16cc2e1877c5ac48aa351f95f6f7afbb0
15_61B93F65A13F669D8E148FA1FD08072C_DFCD2857BF5C3255C57CF1B83FC0F4DE	http://cs6264.gtisc.gatech.edu:43661/static/js/jquery-3.3.1.min.js	0	0	15	160a426ff2894252cd7cebbdd6d6b7da8fcd319c65b70468f10b6690c45d02ef
16_61B93F65A13F669D8E148FA1FD08072C_DFCD2857BF5C3255C57CF1B83FC0F4DE	http://cs6264.gtisc.gatech.edu:43661/static/js/popper.min.js	0	0	16	58cb6a78afc204b7165e947c965cbce6296ee0e587fbab3e12c0d2b6378e9004
17_61B93F65A13F669D8E148FA1FD08072C_DFCD2857BF5C3255C57CF1B83FC0F4DE	http://cs6264.gtisc.gatech.edu:43661/static/js/bootstrap.min.js	0	0	17	0a34a87842c539c1f4feec56bba982fd596b73500046a6e6fe38a22260c6577b
18_61B93F65A13F669D8E148FA1FD08072C_DFCD2857BF5C3255C57CF1B83FC0F4DE	http://cs6264.gtisc.gatech.edu:43661/static/js/mdb.min.js	0	0	18	fd862aa75fa69ba54a53c4bf2764fadc87dd56901227b93da44b3317a55fd94c
19_61B93F65A13F669D8E148FA1FD08072C_DFCD2857BF5C3255C57CF1B83FC0F4DE	http://cs6264.gtisc.gatech.edu:43661/	228	31	19	647641db41420bce7520f305bd7e68b16cc2e1877c5ac48aa351f95f6f7afbb0
20_61B93F65A13F669D8E148FA1FD08072C_719BC757CD2655D9D82544E81B5B6EA2	http://cs6264.gtisc.gatech.edu:43661/static/js/jquery-3.3.1.min.js	0	0	20	160a426ff2894252cd7cebbdd6d6b7da8fcd319c65b70468f10b6690c45d02ef
21_61B93F65A13F669D8E148FA1FD08072C_719BC757CD2655D9D82544E81B5B6EA2	http://cs6264.gtisc.gatech.edu:43661/static/js/popper.min.js	0	0	21	58cb6a78afc204b7165e947c965cbce6296ee0e587fbab3e12c0d2b6378e9004
22_61B93F65A13F669D8E148FA1FD08072C_719BC757CD2655D9D82544E81B5B6EA2	http://cs6264.gtisc.gatech.edu:43661/static/js/bootstrap.min.js	0	0	22	0a34a87842c539c1f4feec56bba982fd596b73500046a6e6fe38a22260c6577b
23_61B93F65A13F669D8E148FA1FD08072C_719BC757CD2655D9D82544E81B5B6EA2	http://cs6264.gtisc.gatech.edu:43661/static/js/mdb.min.js	0	0	23	fd862aa75fa69ba54a53c4bf2764fadc87dd56901227b93da44b3317a55fd94c
24_61B93F65A13F669D8E148FA1FD08072C_719BC757CD2655D9D82544E81B5B6EA2	http://cs6264.gtisc.gatech.edu:43661/product/basketball/	231	31	24	647641db41420bce7520f305bd7e68b16cc2e1877c5ac48aa351f95f6f7afbb0
