Hash,Label,Prediction,Count
rbot-original.exe_2,rbot,bladabindi,20
rbot-original.exe_2,rbot,rbot,20
rbot-original.exe_2,rbot,4shared,12
rbot-original.exe_2,rbot,benign,5
rbot-original.exe_2,rbot,zegost,3
rbot-original.exe_7,rbot,rbot,26
rbot-original.exe_7,rbot,bladabindi,21
rbot-original.exe_7,rbot,4shared,7
rbot-original.exe_7,rbot,benign,5
rbot-original.exe_7,rbot,zegost,1
rbot-original.exe_9,rbot,rbot,27
rbot-original.exe_9,rbot,bladabindi,18
rbot-original.exe_9,rbot,4shared,8
rbot-original.exe_9,rbot,benign,7
rbot-original.exe_5,rbot,rbot,32
rbot-original.exe_5,rbot,bladabindi,15
rbot-original.exe_5,rbot,4shared,8
rbot-original.exe_5,rbot,benign,5
rbot-original.exe_4,rbot,rbot,29
rbot-original.exe_4,rbot,bladabindi,14
rbot-original.exe_4,rbot,4shared,10
rbot-original.exe_4,rbot,benign,7
rbot-original.exe_1,rbot,rbot,33
rbot-original.exe_1,rbot,bladabindi,12
rbot-original.exe_1,rbot,benign,10
rbot-original.exe_1,rbot,4shared,4
rbot-original.exe_1,rbot,zegost,1
rbot-original.exe_0,rbot,rbot,32
rbot-original.exe_0,rbot,bladabindi,14
rbot-original.exe_0,rbot,4shared,8
rbot-original.exe_0,rbot,benign,6
rbot-original.exe_6,rbot,rbot,30
rbot-original.exe_6,rbot,bladabindi,15
rbot-original.exe_6,rbot,4shared,7
rbot-original.exe_6,rbot,benign,7
rbot-original.exe_6,rbot,zegost,1
rbot-original.exe_3,rbot,rbot,34
rbot-original.exe_3,rbot,4shared,11
rbot-original.exe_3,rbot,benign,9
rbot-original.exe_3,rbot,bladabindi,6
rbot-original.exe_8,rbot,rbot,29
rbot-original.exe_8,rbot,bladabindi,13
rbot-original.exe_8,rbot,benign,8
rbot-original.exe_8,rbot,4shared,7
rbot-original.exe_8,rbot,zegost,3
