Hash,Label,Prediction,Count
rbot-original.exe_2,rbot,4shared,31
rbot-original.exe_2,rbot,benign,25
rbot-original.exe_2,rbot,bladabindi,2
rbot-original.exe_2,rbot,rbot,2
rbot-original.exe_7,rbot,benign,32
rbot-original.exe_7,rbot,4shared,21
rbot-original.exe_7,rbot,bladabindi,6
rbot-original.exe_7,rbot,rbot,1
rbot-original.exe_9,rbot,4shared,30
rbot-original.exe_9,rbot,benign,24
rbot-original.exe_9,rbot,bladabindi,4
rbot-original.exe_9,rbot,rbot,2
rbot-original.exe_5,rbot,benign,33
rbot-original.exe_5,rbot,4shared,18
rbot-original.exe_5,rbot,bladabindi,7
rbot-original.exe_5,rbot,zegost,1
rbot-original.exe_5,rbot,rbot,1
rbot-original.exe_4,rbot,4shared,29
rbot-original.exe_4,rbot,benign,23
rbot-original.exe_4,rbot,bladabindi,7
rbot-original.exe_4,rbot,zegost,1
rbot-original.exe_1,rbot,4shared,31
rbot-original.exe_1,rbot,benign,20
rbot-original.exe_1,rbot,bladabindi,4
rbot-original.exe_1,rbot,rbot,3
rbot-original.exe_1,rbot,zegost,2
rbot-original.exe_0,rbot,4shared,30
rbot-original.exe_0,rbot,benign,23
rbot-original.exe_0,rbot,bladabindi,4
rbot-original.exe_0,rbot,rbot,3
rbot-original.exe_6,rbot,4shared,29
rbot-original.exe_6,rbot,benign,27
rbot-original.exe_6,rbot,rbot,2
rbot-original.exe_6,rbot,bladabindi,2
rbot-original.exe_3,rbot,4shared,32
rbot-original.exe_3,rbot,benign,27
rbot-original.exe_3,rbot,bladabindi,1
rbot-original.exe_8,rbot,benign,29
rbot-original.exe_8,rbot,4shared,28
rbot-original.exe_8,rbot,bladabindi,2
rbot-original.exe_8,rbot,zegost,1
