Hash,Label,Prediction,Count
rbot-original.exe_2,rbot,4shared,40
rbot-original.exe_2,rbot,benign,15
rbot-original.exe_2,rbot,bladabindi,5
rbot-original.exe_7,rbot,4shared,40
rbot-original.exe_7,rbot,benign,17
rbot-original.exe_7,rbot,bladabindi,3
rbot-original.exe_9,rbot,4shared,35
rbot-original.exe_9,rbot,benign,21
rbot-original.exe_9,rbot,bladabindi,4
rbot-original.exe_5,rbot,4shared,37
rbot-original.exe_5,rbot,benign,16
rbot-original.exe_5,rbot,bladabindi,7
rbot-original.exe_4,rbot,4shared,39
rbot-original.exe_4,rbot,benign,14
rbot-original.exe_4,rbot,bladabindi,7
rbot-original.exe_1,rbot,4shared,37
rbot-original.exe_1,rbot,benign,14
rbot-original.exe_1,rbot,bladabindi,9
rbot-original.exe_0,rbot,4shared,39
rbot-original.exe_0,rbot,benign,14
rbot-original.exe_0,rbot,bladabindi,7
rbot-original.exe_6,rbot,4shared,35
rbot-original.exe_6,rbot,benign,17
rbot-original.exe_6,rbot,bladabindi,8
rbot-original.exe_3,rbot,4shared,35
rbot-original.exe_3,rbot,benign,15
rbot-original.exe_3,rbot,bladabindi,10
rbot-original.exe_8,rbot,4shared,37
rbot-original.exe_8,rbot,benign,17
rbot-original.exe_8,rbot,bladabindi,6
